product_id,brand,product_name,review_count,price,main_ingredients
etude_1,etude,수분가득 콜라겐 시트 마스크 25ml,504,"2,500","정제수, 하이드롤라이즈드콜라겐, 부틸렌글라이콜, 메틸프로판다이올, 1,2-헥산다이올, 에탄올, 글리세린, 폴리글리세릴-10라우레이트, 아크릴레이트/C10-30알킬아크릴레이트크로스폴리머, 알지닌, 알란토인, 잔탄검, 폴리글리세릴-10미리스테이트, 에틸헥실글리세린, 다이소듐이디티에이, 하이드롤라이즈드루핀단백질, 토코페롤"
etude_2,etude,드로잉 아이 브로우 0.25g,"5,504","3,400","흑색산화철, 하이드로제네이티드돌콩오일, 하이드로제네이티드코코-글리세라이즈, 황색산화철, 마이카, 하이드로제네이티드식물성오일, 적색산화철, 징크스테아레이트, 스테아릭애씨드, 카나우바왁스, 폴리글리세릴-2트라이아이소스테아레이트, 토코페롤, 카프릴릴글라이콜, 페녹시에탄올, 아스코빌팔미테이트, 헥실렌글라이콜"
etude_3,etude,[2개이상구매시10%추가할인][NEW] 왓츠 인 마이 아이즈,"1,962","5,400",
etude_4,etude,오마이 라인,133,"6,400","정제수, 흑색산화철, 아크릴레이트코폴리머, 부틸렌글라이콜, 에탄올, 펜틸렌글라이콜, 1,2-헥산다이올, 폴리솔베이트20, 벤토나이트, 리튬마그네슘소듐실리케이트, 잔탄검, 카프릴릴글라이콜, 소듐데하이드로아세테이트, 소듐메타포스페이트"
etude_5,etude,아이돌 리얼 래쉬 픽서 8ml,539,"8,000",
etude_6,etude,플레이 멀티 아이즈,106,"15,400","[순백의 베이지] 탤크, 합성플루오르플로고파이트, 마이카, 티타늄디옥사이드 (CI 77891), 마그네슘미리스테이트, 나일론-12, 카프릴릭/카프릭트라이글리세라이드, 실리카, 다이아이소스테아릴말레이트, 황색산화철, 다이메티콘, 적색산화철, 라우로일라이신, 울트라마린, 카프릴릴글라이콜, 트라이하이드록시스테아린, 마카다미아씨오일, 글리세릴카프릴레이트, 알루미늄하이드록사이드, 에틸헥실글리세린, 트라이에톡시카프릴릴실레인, 흑색산화철, 토코페롤
[음영의 깊이] 탤크, 합성플루오르플로고파이트, 마이카, 티타늄디옥사이드 (CI 77891), 마그네슘미리스테이트, 나일론-12, 카프릴릭/카프릭트라이글리세라이드, 실리카, 황색산화철, 적색산화철, 다이아이소스테아릴말레이트, 흑색산화철, 다이메티콘, 울트라마린, 라우로일라이신, 카프릴릴글라이콜, 트라이하이드록시스테아린, 마카다미아씨오일, 글리세릴카프릴레이트, 에틸헥실글리세린, 트라이에톡시카프릴릴실레인, 알루미늄하이드록사이드, 토코페롤
[스포트라이트 빔] 칼슘티타늄보로실리케이트, 탤크, 네오펜틸글라이콜다이에틸헥사노에이트, 칼슘알루미늄보로실리케이트, 폴리메틸메타크릴레이트, 마그네슘미리스테이트, 티타늄디옥사이드 (CI 77891), 다이메티콘, 다이펜타에리스리틸헥사하이드록시스테아레이트/헥사스테아레이트/헥사로지네이트, 헥실라우레이트, 합성플루오르플로고파이트, 다이메티콘/비닐다이메티콘크로스폴리머, 카프릴릴글라이콜, 글리세릴카프릴레이트, 틴옥사이드, 에틸헥실글리세린, 소목껍질추출물, 적색산화철, 황색산화철, 트라이에톡시카프릴릴실레인, 토코페롤
[카카오브라운] 탤크, 합성플루오르플로고파이트, 마이카, 흑색산화철, 황색산화철, 적색산화철, 마그네슘미리스테이트, 나일론-12, 카프릴릭/카프릭트라이글리세라이드, 실리카, 티타늄디옥사이드 (CI 77891), 다이아이소스테아릴말레이트, 다이메티콘, 라우로일라이신, 카프릴릴글라이콜, 트라이하이드록시스테아린, 마카다미아씨오일, 글리세릴카프릴레이트, 에틸헥실글리세린, 트라이에톡시카프릴릴실레인, 알루미늄하이드록사이드, 토코페롤
[꿀광치트키] 칼슘알루미늄보로실리케이트, 합성플루오르플로고파이트, 탤크, 티타늄디옥사이드 (CI 77891), 다이아이소스테아릴말레이트, 카프릴릭/카프릭트라이글리세라이드, 하이드로제네이티드캐스터오일아이소스테아레이트, 마그네슘미리스테이트, 나일론-12, 마그네슘스테아레이트, 폴리메틸메타크릴레이트, 카프릴릴글라이콜, 글리세릴카프릴레이트, 틴옥사이드, 에틸헥실글리세린, 적색산화철, 마이카, 토코페롤
[피치나는피치] 탤크, 마그네슘/포타슘/실리콘/플루오라이드/하이드록사이드/옥사이드, 실리카, 메틸메타크릴레이트크로스폴리머, 알루미늄전분옥테닐석시네이트, 다이메티콘, 카프릴릭/카프릭트라이글리세라이드, 티타늄디옥사이드 (CI 77891), 다이아이소스테아릴말레이트, 마그네슘미리스테이트, 헥실라우레이트, 카프릴릴글라이콜, 알루미늄미리스테이트, 글리세릴카프릴레이트, 황색4호, 하이드로젠다이메티콘, 에틸헥실글리세린, 흑색산화철, 적색산화철, 황색산화철, 적색226호, 알루미늄하이드록사이드, 트라이에톡시카프릴릴실레인, 정제수, 소듐클로라이드, 소듐설페이트, 토코페롤
[말랑말랑살구야] 마이카, 티타늄디옥사이드 (CI 77891), 다이카프릴릴카보네이트, 다이메티콘, 메틸메타크릴레이트크로스폴리머, 합성플루오르플로고파이트, 다이메티콘/비닐다이메티콘크로스폴리머, 페닐트라이메티콘, 적색산화철, 트라이에톡시카프릴릴실레인, 다이펜타에리스리틸헥사하이드록시스테아레이트/헥사스테아레이트/헥사로지네이트, 카프릴릴글라이콜, 알루미늄하이드록사이드, 카민, 황색산화철, 글리세릴카프릴레이트, 황색4호, 에틸헥실글리세린, 마그네슘스테아레이트, 토코페롤"
etude_7,etude,프루프 10 젤 방수 펜슬 0.3 g,"1,758","7,200","흑색산화철, 트리메칠실록시실리케이트, 사이클로펜타실록산, 이소도데칸, 폴리에칠렌, 합성왁스, 세레신, 마이카, 합성칸데릴라왁스, 폴리이소부텐, 티타늄디옥사이드"
etude_8,etude,픽싱틴트 4g,"3,389","8,400",
etude_9,etude,순정 판텐소사이드10 시카밤 50ml,83,"20,000","정제수, 부틸렌글라이콜, 판테놀, 스쿠알란, 세테아릴알코올, 1,2-헥산다이올, 하이드로제네이티드폴리(C6-14올레핀), 페닐트라이메티콘, 다이아이소스테아릴말레이트, 폴리글리세릴-10스테아레이트, 하이드록시에틸아크릴레이트/소듐아크릴로일다이메틸타우레이트코폴리머, 아크릴레이트/C10-30알킬아크릴레이트크로스폴리머, 글리세릴스테아레이트시트레이트, 글리세릴스테아레이트, 세테아릴글루코사이드, 하이드로제네이티드레시틴, 트로메타민, 글리세린, 카프릴릴글라이콜, 폴리글리세릴-3메틸글루코오스다이스테아레이트, 다이소듐이디티에이, 에틸헥실글리세린, 솔비탄아이소스테아레이트, 마데카소사이드, 아시아티코사이드, 마데카식애씨드, 아시아틱애씨드, 글루코오스, 녹차추출물, 토코페롤"
etude_10,etude,청순거짓 브라우카라 대용량 기획세트 (9g+4.5g),384,"7,650","정제수, 사이클로펜타실록세인, 트라이메틸실록시실리케이트, 아이소도데케인, 탤크, 메틸트라이메티콘, 아크릴레이트/스테아릴아크릴레이트/다이메티콘메타크릴레이트코폴리머, 피이지-10다이메티콘, 적색산화철, 오조케라이트, 비닐다이메티콘/메티콘실세스퀴옥세인크로스폴리머, 황색산화철, 흑색산화철, 부틸렌글라이콜, 라우릴피이지-9폴리다이메틸실록시에틸다이메티콘, 마이카, 티타늄디옥사이드 (CI 77891), 소듐클로라이드, 에틸헥산다이올, 펜틸렌글라이콜, 다이스테아다이모늄헥토라이트, 1,2-헥산다이올, 프로필렌카보네이트, 트라이에톡시카프릴릴실레인, 아이소프로필티타늄트라이아이소스테아레이트, 다이소듐이디티에이, 비스-피이지-15다이메티콘/아이피디아이코폴리머, 알루미늄하이드록사이드, 피이지-2소이아민, 토코페롤"
etude_11,etude,그림자쉐딩 재창조 & 재창조 쉐딩스틱 기획세트,635,"17,000",
etude_12,etude,팡팡 헤어 섀도우 3.5g,"1,021","12,800",
etude_13,etude,진저슈가 오버나이트 립마스크 23g,623,"9,900",
etude_14,etude,순정 디렉터 톤업 수정 선크림 기획 세트 SPF50+/PA++++,260,"15,000",
etude_15,etude,뽀오얀 미소 발효 립&아이 리무버 250ml (대용량),418,"12,750",
etude_16,etude,블링블링 아이스틱 1.4g,"1,228","5,850",
etude_17,etude,라인 픽스 브러쉬 라이너 0.5g,298,"11,200","정제수, 암모늄스타이렌/아크릴레이트코폴리머, 카본블랙, 부틸렌글라이콜, 암모늄아크릴레이트코폴리머, 스타이렌/아크릴레이트코폴리머, 펜틸렌글라이콜, 페녹시에탄올, 1,2-헥산다이올, 카프릴릴글라이콜, 소듐데하이드로아세테이트, 에틸헥실글리세린, 다이소듐이디티에이, 트라이데세스-6포스페이트, 다이프로필렌글라이콜, 바나나추출물, 글리세릴카프릴레이트, 바오밥나무씨추출물, 검정콩추출물, 흑미추출물, 검은깨추출물, 시메티콘"
etude_18,etude,수분가득 콜라겐 딥시트 마스크 37ml,218,"2,980","정제수, 하이드롤라이즈드콜라겐(60,056ppm), 다이프로필렌글라이콜, 세틸에틸헥사노에이트, 글리세린, 카프릴릭/카프릭트라이글리세라이드, 1,2-헥산다이올, 글리세레스-26, 폴리글리세릴-3다이스테아레이트, 글리세릴스테아레이트, 폴리글리세릴-3메틸글루코오스다이스테아레이트, 부틸렌글라이콜, 트레할로오스, 판테놀, 글리세릴스테아레이트시트레이트, 스페인감초뿌리추출물, 녹차추출물, 생강추출물, 콥티스뿌리추출물, 카보머, 알지닌, 잔탄검, 에틸헥실글리세린, 하이드록시에틸아크릴레이트/소듐아크릴로일다이메틸타우레이트코폴리머, 다이소듐이디티에이, 하이드로제네이티드레시틴, 소듐하이알루로네이트, 솔비탄아이소스테아레이트, 세라마이드엔피, 콜레스테롤, 하이드롤라이즈드루핀단백질"
etude_19,etude,뽀용 아이 메이커,364,"17,280",
laneige_1,laneige,크림스킨 스페셜 기프트 세트 (본품170ml+리필130ml),"3,394","26,400",
laneige_2,laneige,크림 스킨 미스트 30ml,686,"8,640",대한민국
laneige_3,laneige,네오쿠션 퍼프 (글로우/매트) 1입,"2,716","2,000",
laneige_4,laneige,크림스킨 미스트펌프,732,"4,000",
laneige_5,laneige,워터뱅크 블루 히알루로닉 클렌징 폼 150g,"1,150","17,500",대한민국
laneige_6,laneige,NEW 립 슬리핑 마스크 20g,"5,400","15,840",
laneige_7,laneige,네오 쿠션 뮤이 더블 SPF42/PA++ 15g*2,271,"37,600",
laneige_8,laneige,[도넛립세럼] 글레이즈 크레이즈 틴티드 립 세럼 (8종) 12g,"1,722","18,700",
laneige_9,laneige,립 슬리핑 마스크 EX 20g,"15,914","15,840",
laneige_10,laneige,NEW 퍼펙트리뉴 3X 세럼 어드밴스드 기획세트 40ml,"1,415","68,000",
laneige_11,laneige,워터뱅크 블루 히알루로닉 기초 세트(중·건성) 160ml+120ml,"2,210","48,300",
laneige_12,laneige,립 글로이 밤 10g,"9,633","13,680",
laneige_13,laneige,네오 에센셜 블러링 피니시 파우더 7g,"1,310","21,600",
laneige_14,laneige,워터 슬리핑 마스크 70ml,"6,974","22,400",
laneige_15,laneige,워터뱅크 블루 히알루로닉 세럼 50ml,"1,261","36,000",한국
laneige_16,laneige,네오쿠션 글로우 더블 SPF46/PA++ (본품15g+리필15g),478,"36,000",한국
laneige_17,laneige,NEW 워터뱅크 UV 베리어 선크림 SPF50+ PA++++ 50ml,380,"22,680",
laneige_18,laneige,워터뱅크 블루 히알루로닉 클렌징 오일 250ml,"1,178","26,600",한국
laneige_19,laneige,네오 쿠션 뮤이 싱글 SPF42/PA++ 15g,108,"27,200",
laneige_20,laneige,워터뱅크 블루 히알루로닉 기초 세트(지·복합용) 160ml+120ml,897,"48,300",한국
hera_1,hera,UV프로텍터 톤업 SPF50+/PA++++ 50ml,"10,535","40,500","정제수, 에칠헥실메톡시신나메이트, 글리세린, 부틸렌글라이콜, 디에칠아미노하이드록시벤조일헥실벤조에이트, 다이부틸아디페이트, 티타늄디옥사이드, 비스-에칠헥실옥시페놀메톡시페닐트리아진, 메틸트라이메티콘, C12-15알킬벤조에이트, 다이메티콘, 실리카, 티타늄디옥사이드 (CI 77891), 나이아신아마이드, 트라이실록세인, 1,2-헥산다이올, 세테아릴알코올, 폴리C10-30알킬아크릴레이트, 하이드록시에틸아크릴레이트/소듐아크릴로일다이메틸타우레이트코폴리머, 알루미늄스테아레이트, 알루미나, 스테아릭애씨드, 폴리하이드록시스테아릭애씨드, 폴리메틸메타크릴레이트, 아크릴레이트/C10-30알킬아크릴레이트크로스폴리머, 소듐폴리아크릴로일다이메틸타우레이트, 글리세릴스테아레이트, 하이드로제네이티드레시틴, 카프릴릴글라이콜, 티몰트라이메톡시신나메이트, 트로메타민, 폴리글리세릴-3메틸글루코오스다이스테아레이트, 팔미틱애씨드, 다이소듐이디티에이, 에틸헥실글리세린, 아데노신, 알루미늄하이드록사이드, 적색산화철, 솔비탄아이소스테아레이트, 트라이에톡시카프릴릴실레인, 황색산화철, 토코페릴아세테이트, 3-O-에틸아스코빅애씨드, 락토바실러스/부레옥잠발효물, 만니톨, 프로판다이올, 에틸헥실팔미테이트, 비에이치티, 펜틸렌글라이콜, 미리스틱애씨드, 페녹시에탄올, 라우릭애씨드, 소듐데하이드로아세테이트, 카보머, 소듐시트레이트, 포타슘솔베이트, 토코페롤, 메톡시피이지-114/폴리엡실론카프로락톤, 복사나무잎추출물, 해바라기씨오일, 라이신, 알지닌, 히스티딘, 시트릭애씨드, 베타-카로틴, 글루코오스, 자일로오스, 디엔에이, 바이오틴, 만노오스, 소듐클로라이드, 레시틴, 하이드로제네이티드포스파티딜콜린, 카퍼트라이펩타이드-1, 소듐포스페이트, 덱스트린, 하이드롤라이즈드오크라추출물, 콜레스테롤, 푸코오스, 다이팔미토일하이드록시프롤린, 아크릴레이트/스테아릴메타크릴레이트코폴리머, 포타슘클로라이드, 포타슘포스페이트, 마그네슘클로라이드, 하이드롤라이즈드기장, 칼슘클로라이드"
hera_2,hera,[듀오] NEW 블랙 쿠션 파운데이션 SPF34/PA++ (본품15g+리필15g),"10,097","66,600","[13N1] 정제수, 사이클로펜타실록세인, 메틸트라이메티콘, 부틸렌글라이콜, 티타늄디옥사이드 (CI 77891), 에칠헥실메톡시신나메이트, 마이카, 사이클로헥사실록세인, 트라이메틸실록시실리케이트, 피이지-10다이메티콘, 다이메티콘, 다이스테아다이모늄헥토라이트, 폴리메틸메타크릴레이트, 징크옥사이드, 티타늄디옥사이드, 라우릴피이지-9폴리다이메틸실록시에틸다이메티콘, 아크릴레이트/다이메티콘코폴리머, 소듐클로라이드, 아크릴레이트/스테아릴아크릴레이트/다이메티콘메타크릴레이트코폴리머, 황색산화철, 알루미늄하이드록사이드, 글리세린, 폴리실리콘-11, 폴리솔베이트40, 폴리솔베이트80, 카프릴릴글라이콜, 트라이에톡시카프릴릴실레인, 향료, 라우로일라이신, 스테아릭애씨드, 하이드로제네이티드레시틴, 적색산화철, 에틸헥실글리세린, 다이소듐이디티에이, 흑색산화철, 콘민트잎추출물, 비스머스옥시클로라이드, 커먼자스민꽃추출물, 아이소도데케인, 1,2-헥산다이올, 비에이치티, 아크릴레이트/폴리트라이메틸실록시메타크릴레이트코폴리머, 하이알루로닉애씨드, 토코페롤"
hera_3,hera,센슈얼 누드 글로스 5g,"8,605","36,000","다이펜타에리스리틸펜타아이소스테아레이트,
폴리글리세릴-10데카아이소스테아레이트,
하이드로제네이티드폴리아이소부텐,
다이아이소스테아릴말레이트, 폴리부텐,
트라이데실트라이멜리테이트,
실리카다이메틸실릴레이트,
펜타에리스리틸테트라이소스테아레이트,
다이팔미토일하이드록시프로린,
폴리글리세릴-2트라이아이소스테아레이트,
적색산화철, 멘톨, 티타늄디옥사이드 (CI 77891),
리모넨, 흑색산화철, 레몬껍질오일, 토코페롤,
달맞이꽃오일, 피토스테롤, 시트랄, 적색202호,
알루미나, 시트로넬올, 센티드제라늄꽃오일, 리날룰,
제라니올"
hera_4,hera,센슈얼 누드 밤 3.5g,"7,161","36,000","하이드로제네이티드캐스터오일다이머다이리놀레에이트, 스쿠알란, 폴리글리세릴-2트라이아이소스테아레이트, 피토스테릴이소스테아릴다이머디리놀리에이트, 피토스테릴/이소스테아릴/세틸/스테아릴/베헤닐다이머디리놀리에이트, 다이펜타에리스리틸헥사하이드록시스테아레이트/헥사스테아레이트/헥사로지네이트, 해바라기씨왁스, 콜레스테릴아이소스테아레이트, 에틸헥실하이드록시스테아레이트, 카프릴릭/카프릭트라이글리세라이드, 호호바에스터, 시어버터, 팔미틱애씨드, 폴리하이드록시스테아릭애씨드, 토코페롤, 카나우바왁스, 세라마이드엔피, 콜레스테롤, 스테아릭애씨드, 토코페릴아세테이트, 실리카다이메틸실릴레이트, 시어버터불검화물, 리모넨, 락틱애씨드, 티타늄디옥사이드 (CI 77891), 레몬껍질오일, 다이페닐다이메티콘, 적색104호의(1), 알루미나, 적색223호, 정제수, 시트로넬올, 센티드제라늄꽃오일, 시트랄, 제라니올, 리날룰, 석류씨오일, 레시틴, 에틸헥실팔미테이트, 아이소스테아릭애씨드, 아이소프로필미리스테이트, 폴리글리세릴-3폴리리시놀리에이트, 프로판다이올, 소듐하이알루로네이트, 1,2-헥산다이올, 하이드롤라이즈드하이알루로닉애씨드, 소듐하이알루로네이트크로스폴리머, 하이알루로닉애씨드, 에틸헥실글리세린, 소듐아세틸레이티드하이알루로네이트"
hera_5,hera,[리필] NEW 블랙 쿠션 파운데이션 SPF34/PA++ 15g,"4,046","34,200","[13N1] 정제수, 사이클로펜타실록세인, 메틸트라이메티콘, 부틸렌글라이콜, 티타늄디옥사이드 (CI 77891), 에칠헥실메톡시신나메이트, 마이카, 사이클로헥사실록세인, 트라이메틸실록시실리케이트, 피이지-10다이메티콘, 다이메티콘, 다이스테아다이모늄헥토라이트, 폴리메틸메타크릴레이트, 징크옥사이드, 티타늄디옥사이드, 라우릴피이지-9폴리다이메틸실록시에틸다이메티콘, 아크릴레이트/다이메티콘코폴리머, 소듐클로라이드, 아크릴레이트/스테아릴아크릴레이트/다이메티콘메타크릴레이트코폴리머, 황색산화철, 알루미늄하이드록사이드, 글리세린, 폴리실리콘-11, 폴리솔베이트40, 폴리솔베이트80, 카프릴릴글라이콜, 트라이에톡시카프릴릴실레인, 향료, 라우로일라이신, 스테아릭애씨드, 하이드로제네이티드레시틴, 적색산화철, 에틸헥실글리세린, 다이소듐이디티에이, 흑색산화철, 콘민트잎추출물, 비스머스옥시클로라이드, 커먼자스민꽃추출물, 아이소도데케인, 1,2-헥산다이올, 비에이치티, 아크릴레이트/폴리트라이메틸실록시메타크릴레이트코폴리머, 하이알루로닉애씨드, 토코페롤"
hera_6,hera,리프레싱 클렌징 폼 160g,"2,552","28,000",해당사항 없음
hera_8,hera,[NEW 컬러 출시]센슈얼 틴티드 샤인스틱 3.5g,"1,846","40,500","다이펜타에리스리틸펜타아이소스테아레이트, 세틸에틸헥사노에이트, 다이페닐다이메티콘, 글리세릴운데실다이메티콘, 피토스테릴/옥틸도데실라우로일글루타메이트, 합성왁스, 옥틸도데칸올, 비스-베헤닐/아이소스테아릴/피토스테릴다이머다이리놀레일다이머다이리놀리에이트, 폴리글리세릴-2트라이아이소스테아레이트, 라우릴폴리글리세릴-3폴리다이메틸실록시에틸다이메티콘, 티타늄디옥사이드 (CI 77891), 적색산화철, 폴리하이드록시스테아릭애씨드, 에틸렌/프로필렌코폴리머, 적색202호, 레시틴, 황색4호, 에틸헥실팔미테이트, 아이소스테아릭애씨드, 아이소프로필미리스테이트, 다이메티콘, 흑색산화철, 폴리글리세릴-3폴리리시놀리에이트, 벤질벤조에이트, 향료, 스쿠알란, 토코페릴아세테이트, 녹차씨오일, 토코페롤, 글리세린, 콩폴리펩타이드, 리날룰, 하이드록시시트로넬알, 검정콩오일, 세라마이드엔피, 피토스핑고신, 하이드로제네이티드레시틴, 카놀라오일, 로즈마리잎추출물"
hera_15,hera,벨벳 나이트 퍼퓸드 바디 로션 230ml,"1,542","42,500",
hera_16,hera,옴므 올인원 스킨 하이드로 트리트먼트 150ml,"1,897","38,400",
hera_17,hera,에이지 어웨이 에스테틱 3종 세트,948,"127,500",
hera_18,hera,[싱글] NEW 리플렉션 스킨 글로우 쿠션 파운데이션 SPF40/PA++ 15g,"4,498","54,000","정제수, 페닐트라이메티콘, 다이페닐실록시페닐트라이메티콘, 마이카, 부틸렌글라이콜, 티타늄디옥사이드 (CI 77891), 다이아이소스테아릴말레이트, 펜타에리스리틸테트라아이소스테아레이트, 글리세린, 비스-다이글리세릴폴리아실아디페이트-2, 메틸트라이메티콘, 변성알코올, 라우릴피이지-10트리스(트라이메틸실록시)실릴에틸다이메티콘, 다이스테아다이모늄헥토라이트, 피이지-10다이메티콘, 트라이메틸실록시실리케이트, 폴리하이드록시스테아릭애씨드, 합성왁스, 다이메티콘, 1,2-헥산다이올, 실리카, 소듐클로라이드, 비스-베헤닐/아이소스테아릴/피토스테릴다이머다이리놀레일다이머다이리놀리에이트, 다이메티콘/폴리글리세린-3크로스폴리머, 카프릴릴글라이콜, 글리세릴카프릴레이트, 소듐메타포스페이트, 에틸헥실글리세린, 틴옥사이드, 프로판다이올, 아스코빅애씨드, 동백나무씨오일, 동백나무씨추출물, 적색산화철, 다이프로필렌글라이콜, 동백나무꽃추출물, 소듐시트레이트, 토코페롤, 트라이에톡시카프릴릴실레인, 소듐벤조에이트, 락틱애씨드, 포타슘솔베이트, 다이아몬드가루, 잔탄검"
hera_19,hera,에이지 어웨이 에스테틱 2종 세트,"1,093","106,250",
hera_20,hera,NEW 에어리 파우더 프라이머 8.5g,"4,679","54,000","탤크, 다이메티콘, 에이치디아이/트라이메틸올헥실락톤크로스폴리머, 실리카, 다이메티콘/비닐다이메티콘크로스폴리머, 마이카, 티타늄디옥사이드 (CI 77891), 트라이에톡시카프릴릴실레인, 에틸헥실글리세린, 글리세릴카프릴레이트, 다이메티콘올, 황색산화철, 알루미늄하이드록사이드, 에탄올, 부틸렌글라이콜, 적색산화철, 메티콘, 토코페롤, 서양민들레뿌리줄기/뿌리추출물"
sulwhasoo_1,sulwhasoo,자음2종 세트 (150ml+125ml),"4,487","135,000","[자음수] 정제수, 부틸렌글라이콜, 1,2-헥산다이올, 베타인, 글리세린, 트레할로오스, 피이지/피피지-17/6코폴리머, 글리세레스-26, 피이지-60하이드로제네이티드캐스터오일, 아크릴레이트/C10-30알킬아크릴레이트크로스폴리머, 트로메타민, 에틸헥실글리세린, 대추추출물, 비스-피이지-18메틸에터다이메틸실레인, 카르노신, 황금추출물, 프로판다이올, 알란토인, 향료, 소듐메타포스페이트, 리모넨, 구기자추출물, 하이드록시에틸아크릴레이트/소듐아크릴로일다이메틸타우레이트코폴리머, 칡뿌리추출물, 바이오사카라이드검-1, 펜틸렌글라이콜, 글루타티온, 뽕나무잎추출물, 지황뿌리추출물, 리날룰, 매실나무꽃추출물, 작약뿌리추출물, 둥굴레뿌리줄기추출물, 솔비탄아이소스테아레이트, 폴리솔베이트60, 연꽃추출물, 참나리비늘줄기추출물, 토코페롤, 메톡시피이지-114/폴리엡실론카프로락톤, 하이드롤라이즈드콩추출물, 베타-글루칸, 매실추출물, 참깨추출물, 잣나무씨추출물, 모과추출물, 찔레꽃열매추출물

[자음유액] 정제수, 부틸렌글라이콜, 하이드로제네이티드폴리(C6-14올레핀), 옥틸도데실미리스테이트, 글리세린, 세틸에틸헥사노에이트, 메도우폼씨오일, 폴리글리세릴-3메틸글루코오스다이스테아레이트, 트레할로오스, 하이드로제네이티드식물성오일, 1,2-헥산다이올, 세테아릴알코올, 글리세릴스테아레이트, 망고씨버터, 다이메티콘, 팔미틱애씨드, 스테아릭애씨드, 글리세릴스테아레이트시트레이트, 프로판다이올, 하이드록시에틸아크릴레이트/소듐아크릴로일다이메틸타우레이트코폴리머, 에틸헥실글리세린, 카보머, 대추추출물, 글리세릴카프릴레이트, 카르노신, 황금추출물, 트로메타민, 향료, 메톡시피이지-114/폴리엡실론카프로락톤, 리모넨, 알란토인, 소듐메타포스페이트, 구기자추출물, 매실추출물, 참깨추출물, 잣나무씨추출물, 모과추출물, 찔레꽃열매추출물, 칡뿌리추출물, 솔비탄아이소스테아레이트, 폴리솔베이트60, 베타-글루칸, 리날룰, 글루타티온, 레시틴, 뽕나무잎추출물, 지황뿌리추출물, 매실나무꽃추출물, 작약뿌리추출물, 시트로넬올, 둥굴레뿌리줄기추출물, 시트랄, 연꽃추출물, 제라니올, 세라마이드엔피, 참나리비늘줄기추출물, 토코페롤, 메틸메타크릴레이트/아크릴로나이트릴코폴리머, 티비에이치큐, 하이드롤라이즈드콩추출물, 레스베라트롤"
sulwhasoo_2,sulwhasoo,탄력3종 세트 (150ml+125ml+50ml),"1,292","193,500",
sulwhasoo_3,sulwhasoo,윤조에센스 6세대 단품세트 90ml,"4,868","126,000","정제수, 변성알코올, 부틸렌글라이콜, 베타인, 1,2-헥산다이올, 비스-피이지-18메틸에터다이메틸실레인, 글리세릴폴리메타크릴레이트, 프로판다이올, 카보머, 피피지-13-데실테트라데세스-24, 트로메타민, 글리세릴카프릴레이트, 황금추출물, 에틸헥실글리세린, 향료, 아데노신, 리모넨, 덱스트린, 카카오추출물, 메틸트라이메티콘, 다이소듐이디티에이, 잔탄검, 셀룰로오스검, 카라기난, 꿀, 마데카소사이드, 지황뿌리추출물, 펜틸렌글라이콜, 다이포타슘글리시리제이트, 3-O-에틸아스코빅애씨드, 타우린, 소엽맥문동뿌리추출물, 작약뿌리추출물, 마돈나백합비늘줄기추출물, 리날룰, 둥굴레뿌리줄기추출물, 바이오사카라이드검-1, 프로필렌글라이콜, 인삼추출물, 연꽃추출물, 낫토검, 대추추출물, 호두추출물, 매실추출물, 시트로넬올, 시트랄, 제라니올, 하이드로제네이티드레시틴, 토코페롤, 시트릭애씨드"
sulwhasoo_4,sulwhasoo,순행클렌징폼 200ml,"8,509","37,800","정제수, 포타슘코코일글리시네이트, 다이소듐코코암포다이아세테이트, 코카미도프로필베타인, 아크릴레이트/베헤네스-25메타크릴레이트코폴리머, 피이지-200하이드로제네이티드글리세릴팔메이트, 소듐클로라이드, 펜틸렌글라이콜, 1, 2-헥산다이올, 소듐메틸코코일타우레이트, 카프릴릴/카프릴글루코사이드, 피이지-7글리세릴코코에이트, 아이소스테아릭애씨드, 포타슘하이드록사이드, 향료, 부틸렌글라이콜, 리모넨, 다이소듐이디티에이, 에틸헥실글리세린, 소듐벤조에이트, 테트라소듐이디티에이, 율무씨추출물, 귤껍질추출물, 밤껍질추출물, 리날룰, 개구리밥추출물(부평추출물), 참마뿌리추출물, 덱스트린, 카카오추출물, 라즈베리추출물, 당느릅나무뿌리추출물, 퉁퉁마디추출물, 뽕나무잎추출물, 신선초추출물, 시트릭애씨드, 토코페롤"
sulwhasoo_5,sulwhasoo,[아모레몰 ONLY] 탄력크림 단품세트 75ml,559,"121,500",
sulwhasoo_6,sulwhasoo,자음유액 EX 125ml,537,"70,200",
sulwhasoo_7,sulwhasoo,본윤 데일리 루틴(설화수맨2종) (140ml+90ml),"2,344","112,500",
sulwhasoo_8,sulwhasoo,순행클렌징오일 200ml,"5,025","42,300","C12-15알킬벤조에이트, 펜타에리스리틸테트라에틸헥사노에이트, 아이소프로필팔미테이트, 펜타에리스리틸테트라아이소스테아레이트, 카프릴릭/카프릭트라이글리세라이드, 피이지-20글리세릴트라이아이소스테아레이트, 피이지-8아이소스테아레이트, 코코넛야자오일, 덱스트린팔미테이트, 향료, 리모넨, 글리세릴베헤네이트/에이코사디오에이트, 코코-카프릴레이트/카프레이트, 스쿠알란, 리날룰, 정제수, 부틸렌글라이콜, 살구씨오일, 잣나무씨오일, 참깨오일, 동백나무씨오일, 율무씨추출물, 귤껍질추출물, 밤껍질추출물, 개구리밥추출물(부평추출물), 매실나무씨추출물, 연꽃씨추출물"
sulwhasoo_9,sulwhasoo,자음수 EX 150ml,671,"64,800",
sulwhasoo_10,sulwhasoo,윤조에센스 6세대 (30ml/60ml/90ml),"2,019","49,500","정제수, 변성알코올, 부틸렌글라이콜, 베타인, 1,2-헥산다이올, 비스-피이지-18메틸에터다이메틸실레인, 글리세릴폴리메타크릴레이트, 프로판다이올, 카보머, 피피지-13-데실테트라데세스-24, 트로메타민, 글리세릴카프릴레이트, 황금추출물, 에틸헥실글리세린, 향료, 아데노신, 리모넨, 덱스트린, 카카오추출물, 메틸트라이메티콘, 다이소듐이디티에이, 잔탄검, 셀룰로오스검, 카라기난, 꿀, 마데카소사이드, 지황뿌리추출물, 펜틸렌글라이콜, 다이포타슘글리시리제이트, 3-O-에틸아스코빅애씨드, 타우린, 소엽맥문동뿌리추출물, 작약뿌리추출물, 마돈나백합비늘줄기추출물, 리날룰, 둥굴레뿌리줄기추출물, 바이오사카라이드검-1, 프로필렌글라이콜, 인삼추출물, 연꽃추출물, 낫토검, 대추추출물, 호두추출물, 매실추출물, 시트로넬올, 시트랄, 제라니올, 하이드로제네이티드레시틴, 토코페롤, 시트릭애씨드"
sulwhasoo_11,sulwhasoo,자음생2종 세트,"1,724","202,500",
sulwhasoo_12,sulwhasoo,윤조3종 세트 (150ml+125ml+60ml),549,"206,100",
sulwhasoo_13,sulwhasoo,자음생크림 리치 단품세트 50ml,571,"243,000",
sulwhasoo_14,sulwhasoo,상백톤업선크림 SPF50+/PA++++ 50ml,"1,182","81,000","정제수, C12-15알킬벤조에이트, 부틸렌글라이콜, 디에칠아미노하이드록시벤조일헥실벤조에이트, 호모살레이트, 에칠헥실살리실레이트, 티타늄디옥사이드, 글리세린, 비스-에칠헥실옥시페놀메톡시페닐트리아진, 나이아신아마이드, 폴리실리콘-15, 사이클로펜타실록세인, 세테아릴알코올, 사이클로헥사실록세인, 실리카, 아이소프로필팔미테이트, 티타늄디옥사이드 (CI 77891), 폴리C10-30알킬아크릴레이트, 1,2-헥산다이올, 알루미늄스테아레이트, 소듐폴리아크릴로일다이메틸타우레이트, 알루미나, 스테아릭애씨드, 폴리하이드록시스테아릭애씨드, 글리세릴스테아레이트, 폴리아크릴레이트크로스폴리머-6, 향료, 하이드로제네이티드레시틴, 글리세릴카프릴레이트, 리모넨, 황금추출물, 폴리글리세릴-3메틸글루코오스다이스테아레이트, 팔미틱애씨드, 다이소듐이디티에이, 아크릴레이트/C10-30알킬아크릴레이트크로스폴리머, 적색산화철, 아데노신, 매실추출물, 알루미늄하이드록사이드, 트라이에톡시카프릴릴실레인, 뽕나무뿌리추출물, 리날룰, 폴리메틸메타크릴레이트, 인삼추출물, 시트로넬올, 시트랄, 티몰트라이메톡시신나메이트, 제라니올, 미리스틱애씨드, 벤질벤조에이트, 라우릭애씨드, 에틸헥실글리세린, 뽕나무열매추출물"
sulwhasoo_15,sulwhasoo,탄력크림 EX 75ml,181,"121,500","정제수, 글리세린, 부틸렌글라이콜다이카프릴레이트/다이카프레이트, 부틸렌글라이콜, 세틸에틸헥사노에이트, 카프릴릭/카프릭트라이글리세라이드, 프로판다이올, 카프릴릴메티콘, 글리세릴스테아레이트, 폴리글리세릴-3메틸글루코오스다이스테아레이트, 1,2-헥산다이올, 다이아이소스테아릴말레이트, 다이메티콘, 트레할로오스, 스쿠알란, C9-12알케인, 피이지-100스테아레이트, 세테아릴알코올, 하이드로제네이티드폴리아이소부텐, 하이드록시에틸아크릴레이트/소듐아크릴로일다이메틸타우레이트코폴리머, 폴리아크릴레이트-13, 하이드로제네이티드캐스터오일아이소스테아레이트, 알란토인, 폴리아이소부텐, 향료, 구기자추출물, 암모늄아크릴로일다이메틸타우레이트/베헤네스-25메타크라일레이트크로스폴리머, 대추추출물, 글리세릴카프릴레이트, 코코-카프릴레이트/카프레이트, 리모넨, 카르노신, 황금추출물, 칡뿌리추출물, 솔비탄아이소스테아레이트, 풀루란, 에틸헥실글리세린, 아데노신, 폴리솔베이트60, 폴리솔베이트20, 소듐메타포스페이트, 리날룰, 다이메티콘올, 시트로넬올, 덱스트린, 카카오추출물, 뽕나무잎추출물, 시트랄, 지황뿌리추출물, 제라니올, 작약뿌리추출물, 둥굴레뿌리줄기추출물, 연꽃추출물, 벤질벤조에이트, 참나리비늘줄기추출물, 하이드롤라이즈드콩추출물, 토코페롤, 베타-글루칸"
sulwhasoo_16,sulwhasoo,자음생아이크림 15ml,631,"117,000",
sulwhasoo_17,sulwhasoo,퍼펙팅 립컬러,"2,799","40,500","하이드로제네이티드폴리(C6-14올레핀), 글리세린, 다이아이소스테아릴말레이트, 메틸하이드로제네이티드로지네이트, 하이드로제네이티드캐스터오일다이머다이리놀레에이트, 해바라기씨왁스, 호호바에스터, 쌀겨왁스, 세틸피이지/피피지-10/1다이메티콘, 폴리글리세릴-2트라이아이소스테아레이트, 다이스테아다이모늄헥토라이트, 실리카다이메틸실릴레이트, 적색산화철, 티타늄디옥사이드 (CI 77891), 폴리하이드록시스테아릭애씨드, 레시틴, 다이메티콘, 적색103호의(1), 에틸헥실팔미테이트, 아이소스테아릭애씨드, 아이소프로필미리스테이트, 글리세릴카프릴레이트, 폴리글리세릴-3폴리리시놀리에이트, 흑색산화철, 향료, 알루미나, 인삼씨오일, 시트로넬올, 리날룰, 토코페롤, 청색1호, 제라니올, 리모넨, 정제수, 프로판다이올, 부틸렌글라이콜, 펜타에리스리틸테트라-다이-T-부틸하이드록시하이드로신나메이트, 인삼추출물, 지황뿌리추출물, 작약뿌리추출물, 둥굴레뿌리줄기추출물, 연꽃추출물, 참나리비늘줄기추출물"
sulwhasoo_18,sulwhasoo,[리필] 퍼펙팅 쿠션 에어리 SPF50+/PA+++ 15g,"1,129","36,900","정제수, 티타늄디옥사이드 (CI 77891), 다이메티콘, 호모살레이트, 프로판다이올, 페닐트라이메티콘, 에칠헥실메톡시신나메이트, 카프릴릴메티콘, 티타늄디옥사이드, 아이소노닐아이소노나노에이트, 피이지-10다이메티콘, 사이클로펜타실록세인, 메틸트라이메티콘, 나이아신아마이드, 라우릴피이지-10트리스(트라이메틸실록시)실릴에틸다이메티콘, 1,2-헥산다이올, 다이스테아다이모늄헥토라이트, 아크릴레이트/다이메티콘코폴리머, 부틸렌글라이콜, 황색산화철, 소듐클로라이드, 알루미나, 글리세릴스테아레이트시트레이트, 솔비탄세스퀴올리에이트, 향료, 마이카, 다이소듐스테아로일글루타메이트, 합성플루오르플로고파이트, 알루미늄하이드록사이드, 아미노프로필다이메티콘, 카프릴릴글라이콜, 적색산화철, 폴리하이드록시스테아릭애씨드, 시메티콘, 에틸헥실글리세린, 흑색산화철, 다이소듐이디티에이, 에틸헥실팔미테이트, 레시틴, 아이소스테아릭애씨드, 아이소프로필팔미테이트, 아데노신, 스테아로일글루타믹애씨드, 폴리글리세릴-3폴리리시놀리에이트, 글리세린, 꿀, 지황뿌리추출물, 비에이치티, 작약뿌리추출물, 마돈나백합비늘줄기추출물, 둥굴레뿌리줄기추출물, 틴옥사이드, 트라이에톡시카프릴릴실레인, 폴리솔베이트80, 연꽃추출물, 하이드로제네이티드레시틴, 베타인, 변성알코올, 하이드로제네이티드폴리(C6-14올레핀), 토코페롤, 세틸에틸헥사노에이트, 폴리글리세릴-3메틸글루코오스다이스테아레이트, 하이알루로닉애씨드, 아미노프로필트라이에톡시실레인, 세테아릴알코올, 소듐스테아로일글루타메이트, 적색202호, 베타-글루칸, 매실나무꽃추출물"
sulwhasoo_19,sulwhasoo,윤조마스크 5매,"1,344","54,000","정제수, 부틸렌글라이콜, 프로판다이올, 글리세린, 베타인, 1,2-헥산다이올, 글리세릴폴리메타크릴레이트, 카보머, 트로메타민, 피피지-13-데실테트라데세스-24, 황금추출물, 에틸헥실글리세린, 아데노신, 향료, 리모넨, 다이소듐이디티에이, 잔탄검, 셀룰로오스검, 덱스트린, 카카오추출물, 꿀, 마데카소사이드, 지황뿌리추출물, 다이포타슘글리시리제이트, 3-O-에틸아스코빅애씨드, 타우린, 소엽맥문동뿌리추출물, 작약뿌리추출물, 마돈나백합비늘줄기추출물, 둥굴레뿌리줄기추출물, 바이오사카라이드검-1, 인삼추출물, 펜틸렌글라이콜, 리날룰, 연꽃추출물, 낫토검, 대추추출물, 호두추출물, 매실추출물, 시트로넬올, 토코페롤"
sulwhasoo_20,sulwhasoo,퍼펙팅 쿠션 에어리 SPF50+/PA+++ (본품15g+리필15g),"1,698","80,100",
iope_1,iope,바이오 컨디셔닝 에센스 폼 클렌저 180ml,"1,680","22,500","정제수, 포타슘코코일글리시네이트, 카프릴릴/카프릴글루코사이드, 코카미도프로필베타인, 다이소듐코코암포다이아세테이트, 아크릴레이트/베헤네스-25메타크릴레이트코폴리머, 1,2-헥산다이올, 소듐클로라이드, 펜틸렌글라이콜, 소듐메틸코코일타우레이트, 폴리글리세릴-6카프릴레이트, 폴리글리세릴-4카프레이트, 향료, 아이소스테아릭애씨드, 포타슘하이드록사이드, 카프릴릴글라이콜, 나이아신아마이드, 효모발효여과물, 소듐메타포스페이트, 글루코노락톤, 에틸헥실글리세린, 소듐파이루베이트, 소듐벤조에이트, 아데노신, 리모넨, 테트라소듐이디티에이, 덱스트린, 리날룰, 맥주효모추출물, 프로판다이올, 시트릭애씨드, 토코페롤, 다이소듐이디티에이"
iope_2,iope,비타민C 엑스퍼트25% 토닝앰플 23ml,"9,764","42,350",
iope_3,iope,레티놀 세럼 인 겔 마스크 (7매),"1,117","39,380","정제수, 글리세린, 다이프로필렌글라이콜, 세틸에틸헥사노에이트, 나이아신아마이드, 1,2-헥산다이올, 아이리쉬모스추출물, 캐롭검, 베타인, 시어버터, 셀룰로오스검, 에틸헥실올리베이트, 잔탄검, 폴리아크릴레이트-13, 부틸렌글라이콜, 글리세릴스테아레이트, 솔비탄세스퀴올리에이트, 소듐아크릴레이트코폴리머, 카라기난, 폴리글리세릴-4올리에이트, 에틸헥실글리세린, 덱스트린, 서양배추출물, 글루코만난, 폴리글리세릴-10라우레이트, 아데노신, 하이드로제네이티드폴리아이소부텐, 트레할로오스, 다이메틸아이소소바이드, 하이드록시에틸아크릴레이트/소듐아크릴로일다이메틸타우레이트코폴리머, 다마스크장미꽃수, 돌콩오일, 포타슘클로라이드, 소듐파이테이트, 하이드로제네이티드폴리(C6-14올레핀), 오리스뿌리추출물, 소듐스테아로일글루타메이트, 멜론추출물, 에틸헥실팔미테이트, 서양송악잎/줄기추출물, 코질메틸렌다이옥시신나메이트, 솔비탄아이소스테아레이트, 황련뿌리추출물, 펜틸렌글라이콜, 콜라겐추출물, 하이드록시피나콜론레티노에이트, 레티놀, 시트릭애씨드, 엑토인, 소듐하이알루로네이트, 카보머, 소듐디엔에이, 비에이치티, 토코페롤, 아라비아고무나무검, 프로필렌글라이콜알지네이트(순수 레티놀 23ppm)"
iope_4,iope,맨 올데이 퍼펙트 올인원 120ml,"6,378","28,500",
iope_5,iope,바이오 컨디셔닝 에센스 하이드로 인핸싱 마스크 5매,"4,792","11,250","효모발효여과물, 프로판다이올, 정제수, 1,2-헥산다이올, 베타인, 나이아신아마이드, 부틸렌글라이콜, 글리세린, 폴리글리세린-3, 아크릴레이트/C10-30알킬아크릴레이트크로스폴리머, 트로메타민, 에틸헥실글리세린, 아데노신, 덱스트린, 다이소듐이디티에이, 맥주효모추출물, 소듐파이루베이트, 소듐하이알루로네이트, 하이드롤라이즈드하이알루로닉애씨드, 소듐하이알루로네이트크로스폴리머, 하이알루로닉애씨드, 소듐아세틸레이티드하이알루로네이트"
iope_6,iope,레티놀 엑스퍼트 0.1% 링클 코렉터 기획세트 30ml,"2,646","76,950","정제수, 카프릴릭/카프릭트라이글리세라이드, 부틸렌글라이콜, 글리세린, 토코페롤, 토코페릴아세테이트, 세테아릴알코올, 돌콩오일, 판테놀, 시어버터, 암모늄아크릴로일다이메틸타우레이트/브이피코폴리머, 다이메티콘, 글리세릴폴리메타크릴레이트, 폴리글리세릴-10스테아레이트, 하이드로제네이티드레시틴, 해바라기씨오일, 하이드록시에틸아크릴레이트/소듐아크릴로일다이메틸타우레이트코폴리머, 카보머, 향료, 트로메타민, 글리세릴스테아레이트, 폴리실리콘-11, 소듐설파이트, 레티놀, 당근추출물, 알란토인, 글리세릴카프릴레이트, 쌀겨왁스, 만니톨, 펜틸렌글라이콜, 다이메틸아이소소바이드, 스테아릭애씨드, 폴리글리세릴-3메틸글루코오스다이스테아레이트, 팔미틱애씨드, 다이소듐이디티에이, 코질메틸렌다이옥시신나메이트, 에틸헥실글리세린, 솔비탄아이소스테아레이트, 비에이치티, 하이드록시피나콜론레티노에이트, 베타-카로틴, 미리스틱애씨드, 프로판다이올, 에스에이치-펜타펩타이드-12에스피, 1,2-헥산다이올, 라우릭애씨드, 에스에이치-폴리펩타이드-121, 아라비아고무나무검, 소듐하이알루로네이트, 아세틸테트라펩타이드-11, 하이드롤라이즈드하이알루로닉애씨드, 소듐하이알루로네이트크로스폴리머, 프로필렌글라이콜알지네이트, 아스코빅애씨드, 메도우폼씨오일, 하이알루로닉애씨드, 3-O-에틸아스코빅애씨드, 글루타티온, 소듐아세틸레이티드하이알루로네이트  * 레티놀 함량 4,162 IU/g(0.12%)"
iope_7,iope,슈퍼바이탈 기초 2종 세트 (150ml+150ml),"6,964","111,200","[소프너]
정제수, 부틸렌글라이콜, 글리세레스-26, 글리세린, 변성알코올,나이아신아마이드, 1,2-헥산다이올, 다이메티콘, 암모늄아크릴로일다이메틸타우레이트/브이피코폴리머, 피이지-60하이드로제네이티드캐스터오일, 에탄올, 글리세릴카프릴레이트, 프로판다이올,하이드로제네이티드레시틴, 에틸헥실글리세린, 만니톨, 아데노신,향료, 다이소듐이디티에이, 바이오사카라이드검-1, 펜틸렌글라이콜, 녹차뿌리추출물, 덱스트린, 카카오추출물, 소듐메틸스테아로일타우레이트, 코질메틸렌다이옥시신나메이트, 아세틸테트라펩타이드-11, 토코페롤
[에멀젼]
정제수, 프로판다이올, 하이드로제네이티드폴리아이소부텐, 글리세린, 펜타에리스리틸테트라에틸헥사노에이트, 다이메티콘, 변성알코올, 다이아이소스테아릴말레이트, 나이아신아마이드, 폴리글리세린-3, 피이지-60글리세릴아이소스테아레이트, 피씨에이다이메티콘, 1,2-헥산다이올, C14-22알코올, 스테아릭애씨드, 글리세릴스테아레이트, 시어버터, 글리세릴스테아레이트시트레이트,하이드록시에틸아크릴레이트/소듐아크릴로일다이메틸타우레이트코폴리머, 폴리실리콘-11, 팔미틱애씨드, 아라키딜알코올, C12-20알킬글루코사이드, 카보머, 글리세릴카프릴레이트, 베헤닐알코올,트로메타민, 아라키딜글루코사이드, 소듐메타포스페이트, 에틸헥실글리세린, 만니톨, 향료, 아데노신, 솔비탄아이소스테아레이트, 폴리솔베이트60, 덱스트린, 카카오추출물, 녹차뿌리추출물, 글루코오스, 코질메틸렌다이옥시신나메이트, 토코페롤, 아세틸테트라펩타이드-11"
iope_8,iope,XMD 스템3 스페셜 2종 세트,392,"80,750","[소프너] 정제수, 부틸렌글라이콜, 글리세린, 베타인, 나이아신아마이드, 1,2-헥산다이올, 글리세릴폴리메타크릴레이트, 다이메티콘, 프로판다이올, 에탄올, 알란토인, 아크릴레이트/C10-30알킬아크릴레이트크로스폴리머, 트로메타민, 글리세릴카프릴레이트, 만니톨, 하이드로제네이티드레시틴, 클로렐라 프로토테코이데스추출물, 에틸헥실글리세린, 아데노신, 소듐메타포스페이트, 하이드롤라이즈드디엔에이, 소듐하이알루로네이트, 하이알루로닉애씨드, 소듐메틸스테아로일타우레이트, 덱스트린, 카카오추출물, 양파추출물, 아세틸테트라펩타이드-11, 토코페롤

[에멀전] 정제수, 부틸렌글라이콜, 글리세린, 하이드로제네이티드폴리아이소부텐, 하이드로제네이티드폴리(C6-14올레핀), 다이아이소스테아릴말레이트, 나이아신아마이드, C14-22알코올, 페닐트라이메티콘, 피씨에이다이메티콘, 1,2-헥산다이올, 비스-하이드록시에톡시프로필다이메티콘, 글리세릴스테아레이트시트레이트, 판테놀, 프로판다이올, 하이드로제네이티드식물성오일, C12-20알킬글루코사이드, 글리세릴스테아레이트, 세테아릴알코올, 알란토인, 카보머, 잔탄검, 글리세릴카프릴레이트, 만니톨, 트로메타민, 클로렐라 프로토테코이데스추출물, 에틸헥실글리세린, 소듐메타포스페이트, 아데노신, 덱스트린, 카카오추출물, 하이드롤라이즈드디엔에이, 하이알루로닉애씨드, 베타-글루칸, 레시틴, 양파추출물, 토코페롤, 아세틸테트라펩타이드-11"
iope_9,iope,슈퍼바이탈 크림 세트 50ml,"2,798","110,500","정제수, 부틸렌글라이콜, 글리세린 , 펜타에리스리틸테트라에틸헥사노에이트, 하이드로제네이티드폴리아이소부텐, 코코넛야자오일, 나이아신아마이드, 폴리글리세릴-3메틸글루코오스다이스테아레이트, 베헤닐알코올, 카프릴릭/
카프릭/미리스틱/스테아릭트라이글리세라이드,피이지-60글리세릴아이소스테아레이트, 다이메티콘, 글리세릴스테아레이트, 세테아릴알코올, 1, 2-헥산다이올, 폴리아크릴레이트-13, 향료, 폴리아이소부텐, 글리세릴카프릴레이트, 소듐
폴리아크릴레이트, 다이소듐이디티에이, 코질메틸렌다이옥시신나메이트, 에틸헥실글리세린, 만니톨, 폴리솔베이트20, 솔비탄아이소스테아레이트, 잇꽃꽃추출물, 덱스트린, 녹차뿌리추출물, 적색산화철, 토코페롤, 아세틸테트라펩타이드-11"
iope_10,iope,골든 글로우 페이스 오일 40ml,"1,673","31,500","정제수, 글리세린, 프로판디올, 디프로필렌글라이콜, 에탄올, 폴리글리세린-3, 메칠글루세스-20, 디에톡시에칠석시네이트,
아마인추출물, 황금추출물, 원추리꽃추출물, 권백추출물, 호호바씨오일, 판테놀, 매실추출물, 산자나무열매추출물, 스쿠알란, 아데노신, 연꽃추출물, 카카오추출물, 키토산, 글리세릴폴리메타크릴레이트, 덱스트린, 부틸렌글라이콜, 비스-피이지-18메칠에텔디메칠실란, 에칠헥실글리세린, 옥틸도데세스-16, 잔탄검, 피이지-60하이드로제네이티드캐스터오일, 피이지/피피지-17/6코폴리머, 디소듐이디티에이, 향료, 시트랄, 리날룰, 리모넨"
iope_11,iope,UV 쉴드 선 프로텍터 SPF50+/PA++++ 50ml,"3,641","28,500",
iope_12,iope,맨 프로 레티놀 올인원 기획세트 120ml,"1,960","28,500","정제수, 부틸렌글라이콜, 다이카프릴릴카보네이트, 글리세린, 메틸트라이메티콘, 나이아신아마이드, 1,2-헥산다이올, 하이드로제네이티드폴리(C6-14올레핀), 세테아릴알코올, 글리세릴스테아레이트, 스테아릭애씨드, 팔미틱애씨드, 아크릴레이트/C10-30알킬아크릴레이트크로스폴리머, 하이드록시에틸아크릴레이트/소듐아크릴로일다이메틸타우레이트코폴리머, 트로메타민, 돌콩오일, 향료, 해바라기씨오일, 실리카, 글리세릴카프릴레이트, 소듐스테아로일글루타메이트, 하이드로제네이티드레시틴, 하이드록시프로필스타치포스페이트, 다이소듐이디티에이, 에틸헥실글리세린, 아데노신, 폴리글리세릴-3메틸글루코오스다이스테아레이트, 당근추출물, 에칠아스코빌에텔, 덱스트린, 레티놀, 리모넨, 솔비탄아이소스테아레이트, 맥주효모추출물, 리날룰, 토코페롤, 미리스틱애씨드, 비에이치티, 아라키딕애씨드, 베타-카로틴, 펜틸렌글라이콜, 라우릭애씨드, 카보머, 아라비아고무나무검, 프로필렌글라이콜알지네이트"
iope_13,iope,PDRN 카페인샷 50ml,"1,456","60,000",
iope_14,iope,XMD 스템3 클리니컬 리커버리 크림 50ml,221,"72,000","정제수, 부틸렌글라이콜, 글리세린, 스쿠알란, 카프릴릭/카프릭트라이글리세라이드, 폴리글리세릴-3메틸글루코오스다이스테아레이트, 세테아릴알코올, 나이아신아마이드, 메틸트라이메티콘, 1,2-헥산다이올, 글리세릴스테아레이트시트레이트, 하이드록시에틸아크릴레이트/소듐아크릴로일다이메틸타우레이트코폴리머, 프로판다이올, 글리세릴스테아레이트, 알란토인, 카보머, 하이드록시프로필스타치포스페이트, 글리세릴카프릴레이트, 만니톨, 클로렐라 프로토테코이데스추출물, 트로메타민, 소듐메타포스페이트, 에틸헥실글리세린, 아데노신, 솔비탄아이소스테아레이트, 하이드롤라이즈드디엔에이, 덱스트린, 하이알루로닉애씨드, 카카오추출물, 아시아티코사이드, 마데카식애씨드, 아시아틱애씨드, 양파추출물, 다이프로필렌글라이콜, 아세틸테트라펩타이드-11, 베타인, 다이메티콘, 암모늄아크릴로일다이메틸타우레이트/브이피코폴리머, 토코페롤, 폴리글리세릴-6카프릴레이트, 폴리글리세릴-4카프레이트, 하이드로제네이티드레시틴, 에탄올, 소듐메틸스테아로일타우레이트, 콜레스테롤"
iope_15,iope,바이오 컨디셔닝 에센스 168ml,"3,336","45,000","효모발효여과물, 부틸렌글라이콜, 프로판다이올, 글리세린, 나이아신아마이드, 1,2-헥산다이올, 다이에톡시에틸석시네이트, 소듐파이루베이트, 에틸헥실글리세린, 아데노신, 덱스트린, 다이소듐이디티에이, 맥주효모추출물"
iope_16,iope,슈퍼바이탈 아이크림 25ml,"2,245","72,250","정제수, 글리세린, 다이메티콘, 부틸렌글라이콜다이카프릴레이트/다이카프레이트, 하이드로제네이티드폴리(C6-14올레핀), 판테놀, 베헤닐알코올, 나이아신아마이드, 하이드로제네이티드식물성오일, 세테아릴알코올, 포타슘세틸포스페이트, 락틱애씨드, 다이팔미토일하이드록시프롤린,폴리C10-30알킬아크릴레이트, 글리세릴스테아레이트, 카나우바왁스, 합성플루오르플로고파이트, 트로메타민, 포타슘하이드록사이드, 소듐폴리아크릴로일다이메틸타우레이트, 폴리아크릴레이트크로스폴리머-6, 티타늄디옥사이드 (CI 77891),살리실릭애씨드, 카보머, 향료, 스쿠알란, 소듐메타포스페이트, 코질메틸렌다이옥시신나메이트, 만니톨, 아데노신, 티몰트라이메톡시신나메이트, 녹차뿌리추출물, 레시틴, 틴옥사이드, 적색산화철, 토코페롤, 아세틸테트라펩타이드-11"
iope_17,iope,레티놀 엑스퍼트 0.5% 얼티밋 컨센트레이트 15ml,186,"128,250","정제수, 부틸렌글라이콜, 글리세린, 돌콩오일, 다이메티콘, 다이아이소스테아릴말레이트, 폴리글리세릴-3메틸글루코오스다이스테아레이트, 1,2-헥산다이올, 펜타에리스리틸테트라에틸헥사노에이트, 해바라기씨오일, 하이드록시에틸아크릴레이트/소듐아크릴로일다이메틸타우레이트코폴리머, 레티놀, 글리세릴스테아레이트, 세테아릴알코올, 글리세릴스테아레이트시트레이트, 판테놀, 하이드로제네이티드올리브오일데실에스터, 베타인, 아크릴레이트/C10-30알킬아크릴레이트크로스폴리머, 향료, 당근추출물, 트로메타민, 글리세릴카프릴레이트, 에틸헥실글리세린, 프로판다이올, 소듐스테아로일글루타메이트, 소듐메타포스페이트, 코질메틸렌다이옥시신나메이트, 솔비탄아이소스테아레이트, 소듐하이알루로네이트크로스폴리머-6, 하이드롤라이즈드식물성단백질, 엑토인, 베타-카로틴, 베타-글루칸, 토코페롤, 에스에이치-펜타펩타이드-12에스피, 펜틸렌글라이콜, 카보머, 아라비아고무나무검, 프로필렌글라이콜알지네이트"
iope_18,iope,XMD 스템3 클리니컬 리커버리 세럼 50ml,728,"85,500",
iope_19,iope,[리필] 에어쿠션 5.5세대 커버 SPF50/PA+++ 15g,"1,027","16,940","정제수, 사이클로펜타실록세인, 티타늄디옥사이드 (CI 77891), 호모살레이트, 부틸렌글라이콜, 페닐트라이메티콘, 에칠헥실메톡시신나메이트, 티타늄디옥사이드, 부틸렌글라이콜다이카프릴레이트/다이카프레이트, 라우릴피이지-9폴리다이메틸실록시에틸다이메티콘, 트라이메틸실록시실리케이트, 보론나이트라이드, 사이클로헥사실록세인, 피이지-10다이메티콘, 나이아신아마이드, 폴리메틸메타크릴레이트, 다이스테아다이모늄헥토라이트, 1,2-헥산다이올, 락토바실러스발효용해물, 황색산화철, 소듐클로라이드, 알루미나, 아크릴레이트/에틸헥실아크릴레이트/다이메티콘메타크릴레이트코폴리머, 적색산화철, 알루미늄하이드록사이드, 카프릴릴글라이콜, 트라이에톡시카프릴릴실레인, 향료, 시메티콘, 글리세릴카프릴레이트, 에틸헥실글리세린, 흑색산화철, 다이소듐이디티에이, 비에이치티, 글리세린, 프로판다이올, 소듐하이알루로네이트, 합성플루오르플로고파이트, 토코페롤, 아이소도데케인, 아크릴레이트/폴리트라이메틸실록시메타크릴레이트코폴리머, 라우로일라이신, 폴리솔베이트80, 다이소듐스테아로일글루타메이트, 하이드로제네이티드레시틴"
iope_20,iope,레티놀 엑스퍼트 0.1% 링클 코렉터 기획세트 20ml,101,"53,870","정제수, 카프릴릭/카프릭트라이글리세라이드, 부틸렌글라이콜, 글리세린, 토코페롤, 토코페릴아세테이트, 세테아릴알코올, 돌콩오일, 판테놀, 시어버터, 암모늄아크릴로일다이메틸타우레이트/브이피코폴리머, 다이메티콘, 글리세릴폴리메타크릴레이트, 폴리글리세릴-10스테아레이트, 하이드로제네이티드레시틴, 해바라기씨오일, 하이드록시에틸아크릴레이트/소듐아크릴로일다이메틸타우레이트코폴리머, 카보머, 향료, 트로메타민, 글리세릴스테아레이트, 폴리실리콘-11, 소듐설파이트, 레티놀, 당근추출물, 알란토인, 글리세릴카프릴레이트, 쌀겨왁스, 만니톨, 펜틸렌글라이콜, 다이메틸아이소소바이드, 스테아릭애씨드, 폴리글리세릴-3메틸글루코오스다이스테아레이트, 팔미틱애씨드, 다이소듐이디티에이, 코질메틸렌다이옥시신나메이트, 에틸헥실글리세린, 솔비탄아이소스테아레이트, 비에이치티, 하이드록시피나콜론레티노에이트, 베타-카로틴, 미리스틱애씨드, 프로판다이올, 에스에이치-펜타펩타이드-12에스피, 1,2-헥산다이올, 라우릭애씨드, 에스에이치-폴리펩타이드-121, 아라비아고무나무검, 소듐하이알루로네이트, 아세틸테트라펩타이드-11, 하이드롤라이즈드하이알루로닉애씨드, 소듐하이알루로네이트크로스폴리머, 프로필렌글라이콜알지네이트, 아스코빅애씨드, 메도우폼씨오일, 하이알루로닉애씨드, 3-O-에틸아스코빅애씨드, 글루타티온, 소듐아세틸레이티드하이알루로네이트  * 레티놀 함량 4,162 IU/g(0.12%)"
