brand,platform,tone_text
etude,instagram,"눈썹 그리기 어려운 사람 집중!!!୧(•̀ө•́)୨
더욱더 섬세하게 눈썹 메이크오버 할 수 있는
컨트롤 슬라이드 삼면 브로우🤎🩶🖤

👉🏻유니크한 슬라이드 타입+삼면 디자인으로
선부터 면까지 손쉽게 조절된답니다😎✍🏻

☝🏻세워서 선으로 & ✌🏻눕혀서 면으로
쉽게 자연스럽게 완성해주니까
눈썹 초보도 부담 없이 쓰기 좋다궁 🫶🏻

⋅˚₊‧ 𐙚 ‧₊˚ ⋅⋅˚₊‧ 𐙚 ‧₊˚ ⋅⋅˚₊‧ 𐙚

📌 #컨트롤슬라이드브로우 OPEN D-day 🎉
지금 올영 온라인에서 구매 리뷰 이벤트 진행 중 🎁
지금 바로 만나보세요 💖"
etude,instagram,"어라? 여기 샵 아니었나…? ✨
선? 면? 결? 하나로 다 되는 🤎삼면브로우🤎
5가지 마일드 컬러로
데일리 샵브로우 완성 ⸜(･ิᴗ･ิ๑)⸝
⑉⑉⑉⑉⑉⑉⑉⑉⑉⑉⑉⑉⑉⑉⑉⑉⑉⑉⑉⑉⑉⑉⑉⑉⑉⑉⑉⑉⑉⑉

✔️01.01 – 01.05
올영 온라인 구매 리뷰 이벤트도
♡◟( ˘ ³˘)◞ ♡ 놓치면 안 돼요 ༉‧₊˚✧"
etude,instagram,"너무 귀여워서 앙! 깨물고 싶은🐶
에뛰드의 신상들 ( ՞ෆ ̫ ෆ՞ )
진짜 쿠키로 탄생🍪💝
어떤 제품이 제일 마음에 들어?"
etude,instagram,"#𝗘𝗩𝗘𝗡𝗧 소원을 말해봐🧚🏻‍♂️🪄
🍾 2026년까지 𝗗-𝟱 🥳
새해에 꼭 이루고 싶은 소원을
요기요기 댓글로 적어줘 ✍🏻📋

🎀총 다섯 명의 뛰걸들에게✋🏻
에뛰드가 준비한 새해 선물을 보내줄게"
etude,instagram,"겨울엔 역시 블러 틴트❄️💞
뛰걸들이 애정애정하는 ദ്ദി(｡•̀ ,<)~✩‧₊
#포근픽싱틴트 발색 보여줄게에🎨

📍올리브영
✔️포근 픽싱 틴트(14 colors) 🏷️𝟣𝟨,𝟢𝟢𝟢원→ 𝟭𝟮,𝟰𝟮𝟬원
✔️➕미니 립 펜슬 기획 set 🏷️𝟣𝟨,𝟢𝟢𝟢원→ 𝟭𝟮,𝟰𝟮𝟬원
✔️➕진저슈가 립밤 기획 set 🏷️𝟤𝟥,𝟧𝟢𝟢원 → 𝟭𝟰,𝟵𝟬𝟬원"
etude,instagram,"블러셔 하나로 분위기 여신되는 법💗
슥-며드는 속광 블러셔 #콩콩블러셔 의
스폰지 팁으로 두 볼 위에 콩콩 두드려주면 끝🥳"
etude,instagram,"#올영세일 인기템들🏆 실제 발색 보여드림👀🔍
피부톤별로 다른 발색🌈 다들 궁금했지?
요 영상 참고해서 올영세일 막차 타보자구🚞💨💨💨

🔍 #왓츠인마이아이즈 ➕ 4구 공용기 🏆
𝟨,𝟢𝟢𝟢원 → 𝟰,𝟮𝟬𝟬원

🔍 #포근픽싱틴트➕ 진저슈가 에센셜 립밤
𝟤𝟥,𝟧𝟢𝟢원 → 𝟭𝟰,𝟰𝟲𝟬원"
etude,instagram,"🪀꼬옥 소리 켜고 들으세요🎧🔊
🎉2025 #올영어워즈 수상템 포함🥇
올영세일 추천템 #피젯보드 𝗔𝗦𝗠𝗥🚂"
etude,instagram,"☝🏻하나 말고 ✌🏻두 개🎶,
✌🏻두 개 말고 ✌🏻네 개✌🏻 갖고픈💖
요즘 최고 핫템❤️‍🔥 진저슈가 립 세럼✨✨

☑️13g 대용량에 ☑️통통 메가 팁으로
듬뿍듬뿍 바르기 얼마나 좋은지 몰라 ദ്ദി(៸៸›ᴗ‹៸៸ )

🔥초 인기템 #진저슈가립세럼 은
지금 올리브영에서 15% 할인 중🛍️🛒"
etude,instagram,"궁금했던 거 다〰️ 알아😎
라이즈의 𝘄𝗵𝗮𝘁’𝘀 𝗶𝗻 𝗺𝘆 𝗲𝘆𝗲𝘀 촬영 현장 비하인드🔍

빛나는 라이즈를 더욱 빛나게 했던
각 멤버들의 Secret item은 바로바로🥁🥁

🌟 원빈의 #레이디얼그레이
🌟 소희의 #단독주연안개꽃
🌟 앤톤의 #쿨타는쿨핑
🌟 은석의 #허니밀크
🌟 쇼타로의 #타로밀크티라구
🌟 성찬의 #카페라떼우유많이

한 톤, 반 톤 컬러의 온도 편차를
쏙쏙 집어내어✔️
나만의 톤에 착 붙는 톤℃로 구현 완료🙌🏻

👉🏻 올리브영에
#왓츠인마이아이즈 드볼 하러 가실 분?!

#에뛰드 #에뛰드신상 #라이즈 #에뛰드X라이즈 #톤도씨 #싱글섀도우 #쇼타로 #은석 #성찬 #원빈 #소희 #앤톤 #올영추천템 #올영섀도우 #ETUDE #RIIZE #ETUDExRIIZE #whatsinmyeyes #エチュード"
etude,youtube,"구름 위에 있는 기분이 바로 이런걸까?
몽실몽실➰☁️ 포근포근〰️☁️
에뛰드와 라이즈의 #클라우드필터쿠션 🩵
촬영 현장 비하인드📽️ 대 공 개✨

#에뛰드 #에뛰드신상 #라이즈 #에뛰드X라이즈 #클라우드필터쿠션 #에뛰드쿠션 #구름결쿠션 #올영쿠션추천 #구름결뽀용쿠션 #oliveyoung #올영쿠션 #ETUDE #RIIZE #ETUDExRIIZE #CloudFilterCushion #エチュード"
etude,youtube,"아직도 미묘한 웜 쿨 사이에서 헤매는 너!
착붙 TONE℃ 를 찾아줄🔍
명탐정 라이즈🕵🏻를 소개할게🙌🏻

24컬러의 실패 없는 미지근 스펙트럼,
라이즈가 찾아주는 착-붙 싱글 섀도우🔍
🎀에뛰드 🆕 #왓츠인마이아이즈 

라이즈의 멤버들이 고른 🔍왓츠 인 마이 아이즈 컬러가 궁금하다면? 우리 모두, 2월 1일 올리브영에서 만나🎵

#에뛰드 #에뛰드신상 #라이즈 #에뛰드X라이즈 #왓츠인마이아이즈 #싱글섀도우 #쇼타로 #은석 #성찬 #원빈 #소희 #앤톤 #ETUDE #RIIZE #ETUDExRIIZE #whatsinmyeyes #エチュード"
etude,youtube,"😈 MBTEye 
#말괄량이레드
#그레이세요그럼

😈 하트 팝 블러셔
#레드스피릿
#아이스아우라
#화이트돌핀

😈 오버 글로이 틴트
08호 #매더레드
09호 #페이크레드
10호 #베러핑크
11호 #베디베이지

😈 컬러래스팅 글로우 스틱07호 #로지토프
08호 #뮤티드브라운

#에뛰드#라이즈#에뛰드라이즈#에뛰드X라이즈#마이베스트톤아이팔레트#하트팝블러셔#오버글로이틴트#컬러래스팅글로우스틱#에뛰드신상#올영추천템#올리브영추천템#쇼타로#원빈#성찬#소희#은석#앤톤 #ETUDE#RIIZE#ETUDExRIIZE#NotBadCollection#SHOTARO#WONBIN#SUNGCHAN#SOHEE#EUNSEO"
etude,youtube,"✔️컬 픽스 마스카라 #가닥볼륨 과 함께한
🖤블랙&화이트🤍룩의 라이즈 멤버들😍

라이즈 멤버들의 사랑스러운 속눈썹을 
한 올 한 올~ 더욱 또렷하게 만들어준💪🏻💖
에뛰드 컬 픽스 마스카라 #가닥볼륨  올리브영에서 만나보세요~!

❣️한층 더 깊고 또렷해진
❣️라이즈 멤버들의 눈망울의 비법은?
❣️바로 에뛰드 컬 픽스 마스카라 #가닥볼륨

#에뛰드 #라이즈 #에뛰드라이즈 #컬픽스마스카라 #컬픽스마스카라가닥볼륨 #성찬 #원빈 #쇼타로 #앤톤 #소희 #은석 #올영마스카라 #올영추천템 #ETUDE #RIIZE #CurlFixMascara #SUNGCHAN #WONBIN #SHOTARO #ANTON #SOHEE #EUNSEOK"
etude,youtube,"🤎 뉴트럴한 음영의 정석, #최애의I
🧡 코랄&브론즈 러버 저격, #만인의E상형
💗쿨톤러 must have, #E건I잖아

함께 증정된 2구 피스를 갈아 끼우면
또다른 매력을 뿜어낼 수 있는
에뛰드의 신상, 𝗠𝗕𝗧𝗘𝘆𝗲 팔레트 ❤ه❤

👉🏻1월 29일부터 올리브영에서
단독 런칭 프로모션으로 만나보세요 ♪♪(oᐛ)o～♪♪

#에뛰드 #Etude #에뛰드MBTEye컬렉션 #MBTEye #플레이컬러아이즈 #엠비티아이 #마베톤 #에뛰드섀도우 #최애의아이 #이건아이잖아 #만인의이상형 #올리브영 #올리브영섀도우 #올영추천"
etude,youtube,"셀러뷰리티 with 카즈하 OPEN😍
블랙보다 힙한! #쿨핑스모키 셀러뷰리티 컬렉션
카즈하처럼 쿨하고 힙한 핑크 스모키 무드를 만들어줄
셀러뷰리티 Cool Stage 드디어 OPEN! ＼＼\୧ ⍢⃝ ୨//／／

23.09.25 오늘은.. 쿨톤 걸들의 역사적인 하루로 기억되리라…🎇

올가을. 화보 속 카즈하의 그윽한 핑크 메이크업에
도전해보고 싶다면!? 망설이지 말고 올영으로 달려가기!
₍₍ (ง ˙ω˙)ว ⁾⁾ 헛둘헛둘 ₍₍ (ง ˙ω˙)ว ⁾⁾ 헛둘헛둘

#ETUDE #에뛰드 #셀러뷰리티 #쿨스테이지 #celebeaurity #coolstage #에뛰드플레이리스트 #makeyourplaylist #플레이컬러아이즈
#글로우픽싱틴트 #하트팝블러셔 #카즈하 #플레이컬러아이즈팔레트 #아이팔레트 #픽싱틴트 #에뛰드뮤즈 #에뛰드카즈하 #르세라핌카즈하 #エチュード #伊蒂之屋 #KAZUHA"
etude,youtube,"아이돌 메이크업 아티스트 “나겸쌤” 자문으로 탄생한 
플레이 컬러 아이즈 #레트로스트릿 💿🧡
요즘 Y2K 느낌의 “감성 필터 메이크업” 으로 
마치 빛바랜 폴라로이드로 찍어낸 너낌….✨

✔팔레트 하나로 아이-치크- 하이라이터까지 가능!
✔요즘 너낌의 “레트로핑크룩” 과 “코랄스트릿” 룩 다양하게 연출 가능! 

한정으로 나온 픽싱틴트 샤인 #레트로브라운은 
트렌디하고 힙한 브라운 컬러로 레트르스트릿과 매치하면 요즘 아이돌 그 잡채😝💕
 
5/15 ~ 5/21 네이버 단독 론칭과 함께 신상위크로 더 다양한 혜택 만나보세요~ 놓치면 손해라구요🎁"
etude,youtube,"출시한지 약 1년! 벌써 73만개*나 판매되었다구~ 🏆
올리브영 대표 선크림 ✨ 순정 디렉터 선크림!✨
자외선 차단지수 검증**은 물론! 피부에도 순하게***~
5월 한달간 올리브영에서 단독 1+1에 증정까지 만나보세요~
*실적 집계기간 : 2022.03.01~2023.03.31
**자외선 차단지수 인체적용시험 완료
***동물성원료 등 성분 무첨가, 저자극 검증 테스트 완료"
etude,youtube," #FixingTint #픽싱틴트
[ETUDE] #FixingTint
𝗙𝗶𝘅𝗶𝗻𝗴 𝗧𝗶𝗻𝘁💋𝘁𝗵𝗮𝘁 𝗱𝗼𝗲𝘀𝗻'𝘁 𝘀𝗺𝘂𝗱𝗴𝗲🙅🏻‍♀️𝗲𝘃𝗲𝗻 𝗼𝗻 𝗺𝗮𝘀𝗸😷
마스크😷에 잘 묻어나지 않는🙅🏻‍♀️ 립틴트💋

대세틴트 #픽싱틴트 유명한거 다 알지?
226만 유튜버 이사배님도 추천한 바로 그 틴트!
입술에 착붙!💋✨  묻어남이 거의 없는 지속력 甲 틴트!
지금 에뛰드에서 만나보세요~!!
"
laneige,instagram,"2025년도 라네즈와 함께해 준 여러분께
고마운 마음을 담아 전하는 2025년 마지막 메시지

:¨ ·.· ¨:
`· . 𐙚

𝗛𝗔𝗣𝗣𝗬 𝗡𝗘𝗪 𝗬𝗘𝗔𝗥

2026년도 함께해 주실 거죠❔"
laneige,instagram,"삐삑-! 입력이 완료되었습니다🤖

새로운 [워터뱅크 라인]을 확인하겠습니까?

Beep beep! Your entry is complete🤖

Ready to check out the new [Water Bank Line]?

NEW Water Bank Line
What’s Next?"
laneige,instagram,"NEW Water Bank Line
What's Next?

𝗖𝗢𝗠𝗜𝗡𝗚 𝗦𝗢𝗢𝗡"
laneige,instagram,"크리스마스 트리 꾸미기
with. 라네즈 미니
⋆꙳·❅*🎄🎀*❆·꙳⋆

너무 눈부셔서 눈을 뜰 수가 없고✨
너무 귀여워서 눈을 뗄 수가 없어💗

Decorating a Christmas tree
with Laneige minis
⋆꙳·❅*🎄🎀*❆·꙳⋆"
laneige,instagram,"찬 바람에 피부가 따가운 겨울,
꼭 챙겨 바르는 라네즈 보습템❄

🤍크림스킨
건조한 겨울에도 화잘먹! 120시간 속보습

💙워터뱅크 인텐시브 크림
극건조, 붉은기*, 각질 들뜸까지 탄탄장벽 보습

❤️립 슬리핑 마스크
밤 사이 입술 각질을 부드럽게 녹여 매끈보습케어

🩵워터 슬리핑 마스크
자는 동안 깊고 오래가는 수분진정 집중케어

겨울 스킨케어에서 빠지면
팥 없는 찐빵, 속 없는 만두와 같은
여러분의 1등 보습템은 무엇인가요?⋆❅*:｡☃︎𓏲ּ

When winter winds sting your skin, Laneige’s must have moisturizers❄

🤍Cream Skin
Perfect even in the driest winter days! Up to 120 hour deep hydration

💙Water Bank Intensive Cream
Deeply moisturizes extremely dry, flaky skin and helps calm redness*

❤️Lip Sleeping Mask
Gently melts away dead skin cells overnight for smooth, hydrated lips

🩵Water Sleeping Mask
Overnight intensive care for deep, long lasting hydration

What’s the one product you can’t live without, like a steamed bun without red bean filling or a dumpling without filling?⋆❅*:｡☃︎𓏲ּ"
laneige,instagram,"찬 바람에 피부가 따가운 겨울,
꼭 챙겨 바르는 라네즈 보습템❄

🤍크림스킨
건조한 겨울에도 화잘먹! 120시간 속보습

💙워터뱅크 인텐시브 크림
극건조, 붉은기*, 각질 들뜸까지 탄탄장벽 보습

❤️립 슬리핑 마스크
밤 사이 입술 각질을 부드럽게 녹여 매끈보습케어

🩵워터 슬리핑 마스크
자는 동안 깊고 오래가는 수분진정 집중케어

겨울 스킨케어에서 빠지면
팥 없는 찐빵, 속 없는 만두와 같은
여러분의 1등 보습템은 무엇인가요?⋆❅*:｡☃︎𓏲ּ

When winter winds sting your skin, Laneige’s must have moisturizers❄

🤍Cream Skin
Perfect even in the driest winter days! Up to 120 hour deep hydration

💙Water Bank Intensive Cream
Deeply moisturizes extremely dry, flaky skin and helps calm redness*

❤️Lip Sleeping Mask
Gently melts away dead skin cells overnight for smooth, hydrated lips

🩵Water Sleeping Mask
Overnight intensive care for deep, long lasting hydration

What’s the one product you can’t live without, like a steamed bun without red bean filling or a dumpling without filling?⋆❅*:｡☃︎𓏲ּ"
laneige,instagram,"(담당자 마음속 선정) 2025 라네즈 어워즈 수상 현장

2025 라네즈 어워즈 현장에 직접 다녀왔습니다(엄근진)
네, 실제로 열렸고요. 지금 제 상태요?
그냥 도파민 과다 상태입니다.

현장에는 속보습계의 살아있는 전설, 크림스킨부터
출시와 동시에 화제템 등극한 도넛 립 세럼까지-
올해 라네즈를 빛낸 대표 제품 7종이 수상대에 올랐는데요.

이 모든 베스트 제품을 한자리에서 보게 되다니...
담당자 인생 최대 전남 영광입니다(진지)

★깜짝 속보★
바로 내일, 라네즈 어워즈 선정 베스트 제품 전부를
통 크게 쏘는 연말 선물 이벤트가
공개된다고 하니 모두 놓치지 마세요.

올 한 해 여러분의 라네즈 베스트 제품은
무엇인지 질문드리며 중계 마칩니다🎙️

(Manager’s Pick) A closer look at the 2025 Laneige Awards Ceremony

I attended the 2025 Laneige Awards in person(all serious)
Yes, it really happened. Current status, you ask?
Fully dopamine fueled.

From the living legend of moisturizing creams, Cream Skin,
to the Donut Lip Serum that became a hot topic the moment it launched-
seven of Laneige’s most iconic products of the year
were honored on the awards stage.

Seeing all these best products gathered in one place…
This truly feels like the greatest honor of my life(truly).

★Breaking News★
Tomorrow, don’t miss the year end gift event.
All the best products selected from the Laneige Awards will be revealed.

We’ll wrap up the broadcast by asking
what your best Laneige products of the year are🎙️"
laneige,instagram,"네잎클로버 키링 𝗧𝗠𝗜 (𝗧oo 𝗠uch 𝗜 love you..💚)
파우치나 가방에 달면 귀염뽀짝력 쏘 투머치해짐..(*ᴗ͈ˬᴗ͈)ꕤ*.ﾟ

올리브영에서 립 슬리핑 마스크 기획세트
or 도넛 립 세럼 기획세트 구매 시

본품 + 립 슬리핑 마스크 미니 + 미니 전용
네잎클로버 키링을 증정 중이래요!!

Four leaf clover keyring 𝗧𝗠𝗜 (𝗧oo 𝗠uch 𝗜 love you..💚)
The cuteness is overwhelming when attached to a pouch or bag..(*ᴗ͈ˬᴗ͈)ꕤ*.ﾟ

When you purchase the Lip Sleeping Mask Special Set or the Donut Lip Serum Special Set at Olive Young

you’ll receive the product + a Mini Lip Sleeping Mask + a mini exclusive four leaf clover keyring as a gift!!"
laneige,instagram,"추워도, 꼼짝하기 싫어도, 힘들어도,, 그래도 해야지!
립 슬리핑 마스크로 겨울철 각질 관리, 해야지😤

1️⃣ 건조해진 입술 위에 발라 부드럽게 각질을 녹여
매끈 탱탱하게 보습케어!
2️⃣ 케어가 필요한 팔꿈치나 피부 국소 부위에 올려
촉촉하게 각질 관리하기
3️⃣ 손톱 위에 수시로 발라 거칠어진 큐티클 잠재우기♥

올겨울 건조할 땐 립 슬리핑 마스크로
각질 관리하고 촉촉함 끌어~올려~

Even if it’s cold, even if you don’t want to move, even if it feels like too much,
you still have to do it!
Gotta exfoliate your lips with a lip sleeping mask😤

1️⃣ Apply on dry lips to gently melt away dead skin cells, leaving them soft, smooth, and plump!
2️⃣ Apply on elbows or any dry areas that need extra care for hydrating exfoliation
3️⃣ Apply around nails regularly to soften dry cuticles♥

When winter gets dry, reach for a lip sleeping mask to exfoliate~ and boost moisture~"
laneige,instagram,"띄어쓰기를하지않는이유는
네잎클로버키링과도넛립세럼을
향한내마음이여백없이빽빽해서야

어때 좀 탐나지 않아?🍀🍩
지금 올영세일에서 만날 수 있으니까 어서 달려가자!

NEW 로즈잼 • 피치 글레이즈 • 메이플 글레이즈
세 컬러만 해당인 점 알고 가기✨

ThereasonImnotusingspacesisbecauseImtooinlovewiththeFourLeafCloverKeychainandDonutLipSerum

Don’t you want one too?🍀🍩
They’re available now during the Olive Young Sale, so grab yours while you can!

NEW Rose Jam • Peach Glaze • Maple Glaze
Only these three shades are available, so keep that in mind✨"
laneige,youtube,"귀엽고 상큼하고 다 하는​
수현 공주님과의 촬영 비하인드 현장 … 🍰​

비즈 골라서 키링도 만들고,,,​
그림도 그리고 열일한 공주님 👸✨​
스트로베리 쇼트케이크 립 슬리핑 마스크는​
올리브영에서 만나보실 수 있습니다!​

She not only lovely but also professional...✨​
Behind the Scenes were filled up with laughters with lovely vibe​
Of our queen and Strawberry Shortcake Lip Sleeping Mask 🍰​

​

​

#라네즈 #AKMU이수현 #립슬리핑마스크 #스트로베리쇼트케이크 #립케어 #laneige #LEESUHYUN #LipSleepingMask #StrawberryShortcake"
laneige,youtube,"𝙀𝙉𝙅𝙊𝙔 𝘾𝙊𝙊𝙇 𝙎𝙐𝙈𝙈𝙀𝙍 🍉​
함께라면 무더위도 무섭지 않아! ​

여름의 열기를 잠재울 워터뱅크 젤크림이​
✨깜자 에디션으로 찾아왔어요✨​

부드럽게 사르르 녹는 쿨링 캡슐이 들어 있어 산뜻한데,​
자극받은 여름 피부 잠재우면서 속수분도 꽈-악 잡아주는!​

놓칠 수 없는 워터뱅크 젤크림 깜자 에디션,​
무신사에서 만나요! 👉 https://tinyurl.com/4rz8hexn ​


#라네즈 #깜자 #깜자콜라보 #라네즈워터뱅크 #워터뱅크젤크림 #워터뱅크크림 #WATERBANK #LANEIGE #GGAMJA #크림추천 #여름크림  ​"
laneige,youtube,"뮤이와 사랑에 빠질 수밖에 없는 100가지 이유….
그 중에서도 3가지만 꼽아보자면!

🩵 오브제같은 트렌디한 디자인 
🩵 반투명 케이스의 네온컬러 버튼
🩵 사용하기 편리한 듀얼 거울

뮤이 쿠션 보러가기 👉 https://buly.kr/1xyUiAF

3 Reasons why you would fall in love with MEWY
🩵 MEWY’s unique object design
🩵 Neon-colored buttons on a case
🩵 User-friendly dual mirror

#라네즈와진 #뮤이쿠션 #네오쿠션뮤이 #월와핸 #네오쿠션 #LANEIGE #NEW #Mewy #Jin #Neocushion​"
laneige,youtube,"바르는 즉시 수분이 충전되어
하루종일 촉촉한 매끈속촉 피부 완성
뮤이 쿠션! 

뮤이 쿠션 보러가기 👉 https://buly.kr/1xyUiAF

Instant moisture after application,
Finishing with semi-matte, long lasting hydration.
MATTE, MEET DEWY, MEWY! 

 ##라네즈와진 #뮤이쿠션 #네오쿠션뮤이 #월와핸 #네오쿠션 #LANEIGE #NEW #Mewy #Jin #Neocushion​"
laneige,youtube,"수분 꽉-탄탄! 핑크-톡 매끈!
24,000개*의 캡슐 세럼으로 물 차오른 탄성피부
수분탄성세럼💗

피부 탄력 케어, 안티에이징 케어가 필요 할 땐
라네즈 수분탄성세럼, 
바운시 앤 펌 세럼과 함께 해요✨

수분탄성세럼 보러가기
👉 https://buly.kr/7FQwkw6



#라네즈 #바운시앤펌세럼 #탄력케어 #수분탄성세럼 #laneige #serum #시드니스위니"
laneige,youtube,"어떤 건조한 상황에서도
초크초크함 절대 못 잃자나ㅏㅏㅏ

그럴 땐 라네즈 크림스킨을 챱챱💦
(미스트로도 한번 사용해보십숍숍숍! 👀🤍)
어디든지 함께 하쟈 크림스킨💙

🛒 [2/1~] ✨크림스킨X원지✨ 
올리브영 단독 기획전 구매 링크 : https://buly.kr/8eklpWi




#라네즈 #원지 #크림스킨 #스킨케어 #스킨케어추천 #보습토너 #Laneige #Wonji #Creamskin #Toner #koreanskincare #skincareroutinetips #kbeautyproducts"
laneige,youtube,"#laneige #SydneySweeney #스킨케어
HINT 1: pH 5가 피부의 수분 장벽을 강화한다?  YES!
HINT 2: 메이크업과 선크림을 한 번에 클렌징한다?  YES!

워터뱅크 젤 클렌저 is TRUE!👊🏻


🆕[NEW PRODUCT ALERT]🆕 Time for a True or False quiz! 🎉
Hint 1: pH5 to boost your skin's moisture barrier? 🛡️
Hint 2: Cleanses makeup and sunscreen in just one step? 🌟

Answer: Water Bank Gel Cleanser is the answer! 🏆

#라네즈 #TheLaneigeShow #워터뱅크 #피부관리 #스킨케어 #laneige #SydneySweeney #waterbank #skincare #kbeauty #skincaretips #skincareroutinetips"
laneige,youtube," #laneige #SydneySweeney #스킨케어
HINT 1: 피부를 더욱 부드럽고 매끈하게
HINT 2: 최대 100시간 동안 지속되는 수분감 
HINT 3: 피부의 수분 장벽 강화

✅ 정답은 바로 워터뱅크!


Hint 1: Helps your skin feel safer and smoother
Hint 2: Provides long-lasting hydration for up to 100 hours?
Hint 3: Strengthen your skin's moisture barrier?

Answer: Water Bank is the answer!


#라네즈 #TheLaneigeShow #워터뱅크 #피부관리 #스킨케어 #laneige #SydneySweeney #waterbank #skincare #kbeauty #skincaretips #skincareroutinetips"
laneige,youtube,"진의 라네즈 크림스킨 광고 촬영 현장!🎬 
또 한번 반할 준비 완료..😍

Follow us as Jin glows on the set of Cream Skin Lab

#라네즈 #라네즈글로벌앰버서더 #라네즈와진 #비하인드 #라네즈크림스킨 #크림스킨 #피부보습 #순한화장품 #데일리템 #환절기 #스킨케어추천 #토너추천 #홈케어추천 #속건조 #Laneige #Ambassador #laneigeandJin #Jin #Creamskin #Kskincare"
laneige,youtube,"지금 네 모습 그대로. 𝗦𝗧𝗔𝗬 𝗕𝗢𝗨𝗡𝗖𝗬 & 𝗙𝗜𝗥𝗠. 

끈적임 없는 반전 젤리 텍스쳐가 
탱글하고 부드러운 입술로 가꿔주는
바운시 앤 펌 립 트리트먼트 💕

2024년 라네즈가 새롭게 제시하는 슬로우 에이징 루틴, 
아모레 공식몰에서 지금바로 만나보세요! 

👉바운시 앤 펌 립 트리트먼트 : https://buly.kr/uSajjj 
👉바운시 앤 펌 아이 슬리핑 마스크 : https://buly.kr/7mA8zZV 
👉바운시 앤 펌 슬리핑 마스크 : https://buly.kr/7x4tyM9 






#라네즈 #바운시앤펌슬리핑마스크 #탱글생기 #시드니스위니 #슬로우에이징 #립트리트먼트 #퍼밍립  #laneige #bouncyandfirm  #liptreatment #lipcareroutine"
hera,instagram,"Your favorite HERA moment of the year?

Happy New Year with @herabeauty_official "
hera,instagram,"Weightless Sleek Shine
Weightless high oil content texture with a transparent, luminous high shine finish.
Applied with HERA Shine Enhancing Technology, the formula bursts with a refreshing surge of moisture, creating a clear and radiant glow.

얇고 가벼운 고함량 오일 텍스처가 밀착되어 투명하게 빛나는 하이샤인 광채. 수분막이 터지는 순간 상쾌하게 선명한 빛을 발하는 헤라 샤인 인핸싱 기술을 적용한 헤라 센슈얼 틴티드 샤인 립 세럼을 경험해 보세요.

#HERA
#SENSUAL Tinted Shine Lip Serum"
hera,instagram,"The color of HERA Sensual Tinted Shine Lip Serum tints the lips with the first touch, delivering a natural flush that stays bright and fresh.

입술 본연의 컬러에 맑고 투명한 생기를 더하는 헤라 센슈얼 틴티드 샤인 립 세럼을 만나보세요.

#SENSUAL Tinted Shine Lip Serum #323 CHERRY ON TOP"
hera,instagram,"@ivvyoung in Sundaze, an apricot soft pink coral with a luminous, high-shine finish 🎀

#SENSUAL TINTED SHINE LIP SERUM #220 Sudaze"
hera,instagram,"NEW SENSUAL TINTED SHINE LIP SERUM

Weightless Sleek Shine
얇게 밀착되는 하이 샤인 광채

Transfer-Resistant Color
생기있게 물들어 12시간 지속되는 컬러

Double Action Hydration
매끈한 입술을 구현하는 케어 오일 블렌드"
hera,instagram,Warm wishes from HERA 💌
hera,instagram,"@_sweenie in Purple Rum with weightless, sleek shine 💟

#SENSUAL Tinted Shine Lip Serum #55 Purple Rum"
hera,instagram,Winter must-haves
hera,instagram,"@2eesangah ’s effortless holiday look🤎
Who else is ready to glow?

#HERA Blush Stick #401 Nudist
#SENSUAL Nude Gloss #211 Glimmer
#SENSUAL Nude Gloss #138 Jazzy
#BLACK Cushion Foundation #21N1
#HERA Quad Eye Palette #NudeSwing
#HERA Perfumed Hand Cream"
hera,instagram,"HERA Perfumed Hand Cream — ultra-moisturizing care infused with three signature scents: Zeal, Velvet Night, and Persoff.

헤라의 아이코닉한 세 가지 향, 지일, 벨벳 나이트, 페르소프를 담은 핸드크림."
hera,youtube,"반짝이는 시즌이 왔어요 ✨
이번 영상에서는 헤라 홀리데이 제품을 활용해, 
피부부터 눈, 입술까지 ‘예뻐 보이는 포인트’만 쏙 모아 보여드려요.

광이 과하지 않게 반짝이고, 조명 아래에서 더 살아나는 그 특별한 홀리데이 글로우—
어떻게 만드는지 궁금하셨죠?

쿠션 하나로 분위기 확 살리고, 홀리데이 메이크업의 핵심인 빛·결·포인트 컬러까지
따라 하기 쉽도록 차근차근 담았습니다.
다가오는 모임, 파티, 연말 사진 걱정 말고 이 영상 한 번 보고 가세요...🤗
분위기까지 예뻐지는 ‘홀리데이 룩’, 같이 만들어봐요 🎄✨

✨출연 : 헤라 수석 동현쌤 & 모델 예린님 "
hera,youtube,"모공 부각? 솜털 들뜸? 리플렉션 스킨 글로우 파운데이션 실전 해결법✨
글로우 파운데이션이 왜 예쁘게 안 먹는지 👉 실제 사용자와 함께 해결해 드렸어요. 

✔️ 스킨케어 흡수만 잘해도 베이스가 달라지는 이유
✔️ 모공/끼임 잡는 부스팅 베이스 + 파우더 프라이머 활용법
✔️ 내 피부톤에 맞는 컬러 고르는 가장 쉬운 기준
✔️ 솜털 많은 사람이 피해야 하는 제형 & 도구
✔️ 글로우 파운데이션을 얇고 예쁘게 바르는 브러시 방향
"
hera,youtube,"나다운 아름다움을 추구하는 인물을 발굴하는 
리얼 휴먼다큐 쑈😎 헤라추천의 게스트는 바로..... 

2024 파리 올림픽에도 출전한 아티스틱 스위밍 국가대표 허윤서 선수🏊‍♀️
(구.싱크로나이즈드)
우아하게 물 위를 누비는 그녀지만, 
물속에서는 누구보다 치열하게 경기에 임한다고 하는데요.

이번 영상에서는
✔️물속에서도 번지지 않는 아이라인 & 아이 메이크업 비법
✔️경기 전 필수 피부 & 글로우 쿠션 활용법
✔️헤라 제품으로 완성한 국가대표의 메이크업 루틴
✔️머리 장식 & 수영복 매칭까지 세심하게 준비하는 과정

💡 아이라인 번짐 때문에 고민이라면?
국가대표가 직접 시범 보여주는 방수 메이크업 꿀팁까지 확인해 보세요!

✨ 앞으로도 윤서 선수의 경기와 뷰티 루틴을 함께 응원해주세요.
"
hera,youtube,"배우이자 그리고 종합 예술인으로 활동 중인 
우아청순 안소현 님이 수석살롱에 찾아왔어요!

👉 “메이크업은 아직도 너무 어려워요…” 고민을 듣고,
수석 메이크업 아티스트 동현쌤이 하나씩 맞춤으로 알려 드렸습니다. 

✔️ 민낯처럼 자연스럽지만 확 달라지는 베이스 꿀팁
✔️ 눈매를 또렷하게 살리는 아이라인 & 속눈썹 비법
✔️ 톤업, 파운데이션, 컨실러, 블러셔, 립까지 전 과정 공개!

배우 안소현 님의 첫 본격 메이크업 도전기,
그리고 수석 동현쌤의 디테일한 꿀팁까지 ✨
처음 메이크업을 시작하는 분들도 쉽게 따라 할 수 있는 튜토리얼❤️

끝까지 보시면 “민낯 같은데 훨씬 예쁘다!” 는 말이 절로 나올 거예요 😉"
hera,youtube,"제주의 바다는 왜 매일 쓰레기와 싸워야 할까요? 🌊
누군가의 발자국, 누군가의 소비가 흘러들어와
아름다운 해변을 가득 메우고 있다는 사실, 알고 계셨나요?😢

이번 헤라추천에서는 바다를 지키는 사람,
제주 해양 환경 단체 ‘디프다 제주’ 변수빈 대표님을 만났습니다.
퇴근 후 바다에 나가 친구들과 쓰레기를 줍던 작은 습관이
지금은 많은 이들이 함께하는 큰 움직임이 되었죠.

그리고 궁금해하실 그분의 일상도 살짝 공개해요 :)
수빈님이 실제로 사용하는 제로 웨이스트 뷰티 아이템과
공병을 다시 쓰는 똑똑한 소비 습관까지! ♻️

우리가 할 수 있는 변화는 거창하지 않아도 돼요.
공병 하나를 모으는 일, 플라스틱 줄이는 선택,
그리고 오늘 이 영상을 끝까지 보는 마음이 모이면
제주의 바다는 더 오래 빛날 거예요. ✨
"
hera,youtube,"LET YOUR GLOW SPEAK 
내 안에서 깨어나는 맑고 투명한 빛 

REFLECTION SKIN GLOW FOUNDATION 
Now available on Worldwide Shipping
Global Amoremall : https://global.amoremall.com/blogs/br...
[KR] NAVER : https://brand.naver.com/hera/shopping...


#HERA #헤라 #리플렉션파운데이션 #felix"
hera,youtube,"오늘 당진 해나루 시민학교 난리 났습니다💄🔥
파운데이션 반쪽만 발랐는데… “어? 이게 누구세요?” 소리 나옴... 
립스틱 하나로 볼까지 살리는 꿀팁은 덤✨

이번 현장에서는
⚡ 피부를 화사하게 만드는 파운데이션 사용법
⚡ 립스틱·볼터치·눈썹까지 완성하는 초간단 메이크업
⚡ 문신 눈썹도 자연스럽게 살리는 비밀
⚡ 그리고… 갑자기 모델 데뷔해버린 할머니까지👑

웃음이 멈추지 않았던 하루,
그리고 거울 속 자신을 보며 환하게 웃는 그 미소는… 잊기 힘들 거예요💖

아모레퍼시픽 헤라 아티스트와 함께하는 유쾌하고 따뜻한 현장,
끝까지 보시고 ‘좋아요’와 ‘구독’도 잊지 마시기....💖"
hera,youtube,"“저 메이크업 진짜 못해요…”
쌩얼파 배우의 첫 풀메이크업 도전기, 그 놀라운 결과는?

👑 HERA 수석 아티스트 동현쌤의 디테일한 여름 메이크업 팁과
광채 피부, 음영 아이, 자연스러운 쉐딩까지 –
얇고 가벼운데 고급스러운 여름 메이크업의 정석을 만나보세요.

📌 사용 제품
✅ 헤라 리바이탈라이징 세럼 미스트, 리쥬브네이트 앰플 크림
✅ 헤라 리플렉션 스킨 글로우 쿠션 (00N1 다이아, 21C1)
✅ 헤라 쿼드 아이 컬러 섀도우 (03 누디토프, 04 라벤더 문)
✅ 헤라 리치 롱 래시 워터프루프 마스카라 
✅ 헤라 센슈얼 틴티드 샤인 스틱 (105 보이시)
✅ 헤라 센슈얼 누드 글로스 (18 이노센트)
"
hera,youtube,"요즘 대학생들, 진짜 뭘 쓰는지 궁금해서
헤라팀 직접 캠퍼스에 다녀왔습니다. 🎒
이번에는 좀 멀리...😚
(※기획부터 촬영, 선물까지 전부 다 직접 함)

파우치만 보면 다 보인다고 하죠?
쿠션계 양강 체제인 ‘그 브랜드들’ 사이에서
우리가 발견한 의외의 반응들…!
그리고 헤라를 기억해준 반가운 순간들까지 🖤

이 콘텐츠는 브랜드보다 사람,
세일즈보다 진심이 먼저인 순간을 담고 싶었어요...👀

혹시 이 영상에서 내가 쓴 제품이 나온다면,
댓글로도 알려주세요!
헤라가 다음엔 당신의 학교로 찾아갈지도…?

🎥 출연 : 전북대학교 학생 여러분
📍 촬영 장소 : 전북대학교 캠퍼스 일대
(구정문, 인문대 앞, 본관, 중앙도서관 인근 등)
🎁 기획 및 제작 : 헤라 공식 유튜브팀"
hera,youtube,"요즘 대학생들, 진짜 뭘 쓰는지 궁금해서
헤라팀 직접 캠퍼스에 다녀왔습니다. 🎒
이번에는 좀 멀리...😚
(※기획부터 촬영, 선물까지 전부 다 직접 함)

파우치만 보면 다 보인다고 하죠?
쿠션계 양강 체제인 ‘그 브랜드들’ 사이에서
우리가 발견한 의외의 반응들…!
그리고 헤라를 기억해준 반가운 순간들까지 🖤

이 콘텐츠는 브랜드보다 사람,
세일즈보다 진심이 먼저인 순간을 담고 싶었어요...👀

혹시 이 영상에서 내가 쓴 제품이 나온다면,
댓글로도 알려주세요!
헤라가 다음엔 당신의 학교로 찾아갈지도…?

🎥 출연 : 전북대학교 학생 여러분
📍 촬영 장소 : 전북대학교 캠퍼스 일대
(구정문, 인문대 앞, 본관, 중앙도서관 인근 등)
🎁 기획 및 제작 : 헤라 공식 유튜브팀"
sulwhasoo,instagram,Happy New Year
sulwhasoo,instagram,"한 해의 마지막
설화수와 함께했던 아름다움의 기록

The final moments of the year,
a collection of beautiful memories shared with Sulwhasoo"
sulwhasoo,instagram,"Ready, Set, Go!

역동적인 도약
새해도 힘차게

A dynamic leap forward
A powerful new year ahead
"
sulwhasoo,instagram,"작은 점들이 모여 현대적이면서도 환상적인 이미지로 구현된
윤조에센스 붉은 말의 해 에디션

타투이스트 판타(@panta_choi)의 점묘법과
한국 고유의 천마도에서 받은 영감이 어우러져
독창적인 스타일로 완성되었습니다.

역동적이고 힘찬 말의 모습을 통해
새로운 한 해 역시 힘차고 찬란하게 빛나기를 기원합니다.

백화점을 비롯한 플래그십 스토어 등 오프라인 매장과
아모레몰, 네이버 공식스토어 등의 온라인 채널에서 만나보세요.

The First Care Activating Serum Year of the Red Horse Edition features a modern yet fantastical design of countless tiny dots

Drawing inspiration from Korea’s iconic Cheonmado painting and the dotwork of tattoo artist Panta (@panta_choi), this edition captures a look that feels both bold and uniquely its own.

Through the dynamic image of the horse, we wish you a bright and strong new year.

Available at offline stores including department stores and flagship stores, as well as online at Amore Mall and the Naver Official Store."
sulwhasoo,instagram,"윤조에센스 붉은 말의 해 에디션
HAPPY NEW YEAR FROM SULWHASOO

어두운 밤하늘을 힘차게 달려나가며
별빛으로 길을 밝히는
2026 병오년 “붉은 말의 해”를 맞이해
윤조에센스 리미티트 120ml 대용량 에디션을 선보입니다.

역동적이고 힘찬 말의 모습을 통해
새로운 한 해 역시 힘차고 찬란하게 빛나기를 기원합니다.

First Care Activating Serum
Year of the Red Horse Edition
HAPPY NEW YEAR from Sulwhasoo

The red horse charges across the night sky, lighting its path with starlight.
Sulwhasoo celebrates 2026, the Year of the Red Horse,
with the First Care Activating Serum 2026 Limited Edition (120ml).

Wishing you a new year that shines with the horse’s strength and spirited energy.
"
sulwhasoo,instagram,"The Art of Holiday Elegance, crafted by Sulwhasoo"
sulwhasoo,instagram,"나만의 취향으로 물든 시간.
고요한 밤은
내 안의 결을 더 선명히 드러냅니다.

A moment that feels like me.
In the quiet night,
I see myself more clearly."
sulwhasoo,instagram,"따뜻한 조명 아래, 나를 위한 작은 휴식

설화수가 전하는 연말의 리추얼로
하루의 끝을 아름답게 마무리하세요.

Under the gentle glow of warm light,
take a quiet moment for yourself.

End the day beautifully with
Sulwhasoo’s year-end ritual."
sulwhasoo,instagram,"NEW 퍼펙팅 틴티드 크림

실크유약™이 피부를 매끄럽게 코팅해
끈적임, 다크닝 없이
오랜시간 도자기 광채 피부를 연출해 줍니다

피부 톤&결을 보정하여
하루 종일 자연스럽게 커버되는 피부결을 만나보세요

NEW Perfecting Tinted Cream

Silk Glaze™ effortlessly glides over the skin
delivering a long-lasting porcelain glow
without stickiness or darkening

It evens out tone and texture
for natural coverage that lasts all day"
sulwhasoo,instagram,A holiday gift wrapped in Jihambo’s heartfelt craft.
sulwhasoo,youtube,"다양한 피부 건강을 위한 연구에 집중하는
뉴욕의 피부과 전문의 제인 유(Jane Yoo)가 말하는 피부 장수 이야기.

피부 장수에 투자한다는 것은
표면적인 노화 신호를 관리하는 것에 그치지 않고,
가장 근본적인 피부 건강을 지켜내는 것이 더 중요하다고
글로벌 고객에게 전하는 제인 유의 메시지를 만나보세요.

Jane Yoo, a New York-based dermatologist specializing in diverse skin health research, shares her insights on skin longevity.

Discover Jane Yoo’s message for a global audience,
caring for skin longevity goes beyond managing visible signs of aging, it is about supporting the skin’s fundamental health.

#설화수 #스킨롱제비티
#Sulwhasoo #SkinLongevity"
sulwhasoo,youtube,"피부 장수에 대한 진보된 통찰,
감각적 해석이 만났던 이틀 간의 여정.

설화수가 제시하는 SKIN LONGEVITY에 대한 특별한 철학을
다시 한번 만나보세요.

A two-day journey into progressive insights on skin longevity, experienced through sensory interpretations.

Rediscover Sulwhasoo’s unique philosophy on SKIN LONGEVITY.

#설화수 #스킨롱제비티 #NBRI심포지엄
#Sulwhasoo #SkinLongevity
#SkinLongevitySymposium"
sulwhasoo,youtube,"인삼으로 실현하는 피부 장수는
무엇이, 어떻게 다를까요?

인삼이 가진 생명력에 주목해
단순히 노화를 늦추거나 감추는 것이 아닌
피부가 스스로의 힘을 되찾도록 돕는
독보적인 피부 장수 과학에 대한 놀라운 이야기를 만나보세요.

What makes skin longevity achieved through ginseng different?

By harnessing the vitality of ginseng,
we reveal the remarkable science of skin longevity, a science that not only slows visible signs of aging but also helps skin restore its natural strength.

#설화수 #스킨롱제비티
#Sulwhasoo #SkinLongevity
#SulwhasooRandIcenter"
sulwhasoo,youtube,"정성과 복을 가득 담은 조각보 에디션으로
시간이 흘러도 건강하게 빛나는 아름다움을 선물하세요

#설화수 #설화수세트 #설선물세트"
sulwhasoo,youtube,"눈처럼 고요한 계절,
차가운 겨울 끝에 마주한 한 송이 꽃.
그 순간, 겨울은 따뜻함으로 물듭니다.
당신의 연말을 밝혀줄 unexpected delight.

A season serene beneath the snow.
At winter’s edge, a single blossom unfolds.
In that moment, the cold turns warm.

Discover your unexpected delight this holiday.

#설화수 #홀리데이
#Sulwhasoo #SulwhasooHoliday
#UnexpectedDelight"
sulwhasoo,youtube,"“이렇게 3단계로 바르고 있어요
탄력은 미리 관리할수록 더 오래 좋아지니까요.”

임윤아의 3단계 피부 탄력 비법:

1. 설화수 윤조에센스
2. 설화수 자음생캡슐세럼
3. 설화수 자음생크림

밀도 높은 피부를 위한
자생력 루틴을 경험해 보세요.

“The earlier you care, The longer it lasts.”

YOONA LIM’s 3-step secret routine for firm and resilient skin:

1. Sulwhasoo First Care Activating Serum
2. Sulwhasoo Concentrated Ginseng Rejuvenating Serum
3. Sulwhasoo Concentrated Ginseng Rejuvenating Cream

Experience the rejuvenating routine for firmer-looking skin.

#설화수 #임윤아
#Sulwhasoo #LIMYOONA"
sulwhasoo,youtube,"설화수는 우리의 전통이
한순간에 머무르지 않는다고 믿습니다.
젊은 시선으로 다시 해석될 때,
전통은 오늘의 감각 속에서 살아 숨 쉽니다.

한국 전통문화를 대학생들의 시각으로 재해석하는
⠀⠀⠀⠀⠀⠀⠀
컬처프로젝트 시즌 2,
이번 주제는 ‘민화’입니다.

전통이 오늘의 언어로 다시 빛나는 순간,
지금 바로 함께 하세요.

Sulwhasoo believes that tradition does not remain fixed in time. When reinterpreted through a youthful perspective, it continues to live within today’s sensibilities.

Season 2 of the Culture Project reinterprets traditional Korean culture through the perspectives of university students.
This week’s theme is ‘Minwha‘.

Join us as tradition finds new meaning in today’s language.

#설화수 #sulwhasoo
#컬처프로젝트 #CultureProject"
sulwhasoo,youtube,"설화수 컬처프로젝트 시즌 2

산을 품은 자리 (Where the Mountain Holds You)

민화 속 산은 풍경이 아니라 삶을 감싸는 배경이었습니다.
그 산의 품을 오늘의 공간에 옮겨와,
앉는 방식마다 새롭게 피어나는
민화의 자유로운 아름다움이 스며듭니다.

지금, 설화수 북촌 플래그십 스토어에서 만나보세요
전시기간: 9/2~14
전시장소: 서울시 종로구 북촌로 47

Sulwhasoo Culture Project Season 2

Where the Mountain Holds You

In Minwha paintings, mountains are more than just scenery, they are backgrounds that hold everyday life.

Now, that feeling comes into today’s spaces, as the bright and free spirit of Minwha fills each moment you spend here.

Experience it at Sulwhasoo’s Bukchon Flagship Store
Exhibition Period: 9/2~14
Location: 47 Bukchon-ro, Jongno-gu, Seoul

#설화수 #sulwhasoo
#컬처프로젝트 #CultureProject"
sulwhasoo,youtube,"설화수 자음생크림만의
Longevity-

주름(-36.6%*), 탄력(+59.2%**),
리프팅(+103.5%**)까지.
자음생의 놀라운 피부 자생력을
경험해 보세요.

스스로 탄력을 채워
모든 피부 시간을 밀도 있게 

*인체 적용 시험 결과
**자가 스코어링 결과(4주 사용 후)

The Longevity of Sulwhasoo
Concentrated Ginseng Rejuvenating Cream

Experience the self-rejuvenating power of Ginseng Cream, which visibly improves wrinkles(-36.6%*) and leaves your skin feeling firmer(+59.2%**) and lifted(+103.5%**).

Resilient and rejuvenated,
every hour, every moment

*Clinical Testing Results
**Based on consumer Self-assessment Results in a 4-week

#설화수 #임윤아 #자음생크림
#Sulwhasoo #YOONA
#SkinLongevity
#ConcentratedGinsengRejuvenatingCream"
sulwhasoo,youtube,"4년,
설화수의 인삼이
땅의 기운을 온전히 담는 데 걸리는 시간

이 고려인삼의 뿌리에는
강력한 항노화 성분인 사포닌이
풍부하게 담겨있습니다.

60년간의 집요한 연구 끝에
설화수는 인삼의 신비로운 힘을
피부에 전달할 수 있게 되었습니다.

인삼 속 궁극의 자생력을 온전히 담아낸
단 한 병의 인삼크림

설화수 자음생크림

It takes four patient years in the soil
to awaken Korean Ginseng’s powerful energy

Through 60 years of devoted research,
Sulwhasoo unlocked Korean Ginseng‘s potential
to preserve skin’s vitality.

Its rejuvenating power,
now captured in every jar
of Concentrated Ginseng Rejuvenating Cream.

#설화수 #Sulwhasoo
#자음생크림
#ConcentratedGinsengRejuvenatingCream"
iope,instagram,"지금 여러분의 모공은 어떤 단계에 있나요?

탄력 저하의 첫 시그널 모공,

제대로 관리하지 않으면
늘어져 서로 연결되어 “모공 주름”* 이 됩니다.

초기 모공➡️확장 모공➡️노화 모공➡️주름*

해당되는 모공 단계를 댓글로 작성해 주세요.
모공 고민 해결템을 추첨하여 선물로 드립니다.

✔️경품: 레티놀 레티젝션 세럼(30ml / 3명 추첨)
✔️기간: 12.31(수)~1.6(화)
✔️발표: 1.12(월) *개별 DM 안내

※ 해당 콘텐츠 일부는 생성형 AI로 제작되었습니다.

#아이오페 #레티젝션 #모공주름이되기전에*

*모공이 늘어지며 주름과 연결되어 주름 같은 형태가 됨을 의미"
iope,instagram,"한 해의 끝과 새해의 시작,
해가 지날수록 노화 고민은 복합적으로 찾아옵니다.

노화 인자를 정확하게 겨냥해 케어하는
토탈 안티에이징 라인
아이오페 슈퍼바이탈 6세대로

다가오는 2026년
즉각적인 안티에이징 효과를 경험하세요."
iope,instagram,"효과만큼 중요한 사용감, 슈퍼바이탈은 어떨까요?

슈퍼바이탈 크림
✅유효 성분을 깊이 흡수시키고 피부에 밀착 랩핑

슈퍼바이탈 오일 블렌딩 세럼
✅항산화력 99.9%* 오일이 피부에 닿는 순간
세럼과 어우러져 피부 속에 빠른 흡수

슈퍼바이탈 크림 & 오일 블렌딩 세럼의
특별한 사용감을 경험해 보세요.

How it feels on the skin is just as important as how effective it is. So how does Super Vital feel?

Super Vital Cream
✅Wraps the skin while helping active ingredients absorb deeply

Super Vital Oil Blending Serum
✅99.9% antioxidant power* The moment the oil meets the skin, it blends seamlessly with the serum and absorbs quickly

Experience the unique texture and synergy of Super Vital Cream & Oil Blending Serum.

#아이오페 #슈퍼바이탈크림 #슈퍼바이탈오일블렌딩세럼

*2제에 함유된 토코트리엔올 콤플렉스의 활성산소 케어 실험 결과

*Based on antioxidant performance testing of the tocotrienol complex in the second formulation"
iope,instagram,"차가운 공기에 노출되는 계절,
피부 변화는 더 빠르게 드러납니다.

안티에이징 세럼과 항산화 오일의 듀오 시너지로
즉시 작용하는 슈퍼바이탈 오일 블렌딩 세럼의
강력한 안티에이징 효과

찬바람에도 피부에 힘을 채워주는
즉각적인 안티에이징 효과를 느껴보세요.

As cold air sets in, changes in your skin become noticeable faster.

Super Vital Oil Blending Serum combines an anti-aging serum with antioxidant oil to deliver powerful, immediate anti-aging care

Feel the instant anti-aging effect that revitalizes your skin, even in harsh winter winds."
iope,instagram,"재구매율 1위*,
누적 판매 수량 약 350만 개**

이번 크리스마스,
19년 연속 No.1*** 아이오페 슈퍼바이탈 크림으로
즉각적인 안티에이징 효과를 선물하세요.

마음을 전하고 싶은 사람 태그 후
선물하고 싶은 이유를 댓글로 작성해 주세요!

✔️경품: 6세대 슈퍼바이탈 크림(50ml) (5명 추첨)
✔️기간: 12.24(수)~12.30(화)
✔️발표: 1.7(수) *개별 DM 안내

No. 1 in repeat purchase rate*,
cumulative sales of approximately 3.5 million units**

This Christmas,
gift instant anti-aging care with IOPE Super Vital Cream,
the No. 1 anti-aging cream for 19 consecutive years***.

Tag someone you would love to gift this to
and leave a comment sharing why they came to mind!

✔️Prize: 6th Generation Super Vital Cream(50 ml) (5 winners selected by raffle)
✔️Period: 12.24(Wed)~12.30(Tue)
✔️Announcement: 1.7(Wed) *via individual DM

#아이오페 #슈퍼바이탈크림 #즉각효과크림

*2019~2024년, 아이오페 브랜드 크림 카테고리 재구매율 기준
**2006년~2024년, 슈퍼바이탈 크림 판매 수량 기준
***2006년~2025년, 아이오페 브랜드 크림 카테고리 매출 기준

*Based on repeat purchase rates in the IOPE brand cream category from 2019~2024
**Based on IOPE Super Vital Cream sales from 2006~2024
***Based on sales in the IOPE brand cream category from 2006~2025"
iope,instagram,"겨울이 되면 가장 먼저 체감되는 피부 노화,
그럴수록 안티에이징은 더 정교해야 하죠.

재구매율 1위*와 약 350만 개**의 선택이 증명한
압도적 고객 만족도 100%*** 슈퍼바이탈 크림

안티에이징의 본질에 집중한 케어.
겨울에도 흐트러지지 않는 피부 변화를
슈퍼바이탈 크림으로 경험해 보세요.

Skin aging is often the first sign of winter,
requiring anti-aging care to be more precise than ever.

Backed by the No. 1 repeat purchase rate* and approximately 3.5 million products sold**, Super Vital Cream delivers 100% customer satisfaction***.

Focused on the core of anti-aging care,
Super Vital Cream helps your skin stay resilient throughout winter.

#아이오페 #슈퍼바이탈크림 #즉각효과크림

*2019~2024년, 아이오페 브랜드 크림 카테고리 재구매율 기준
**제품 사용 4주 후 설문조사 결과 “다음 날 아침 피부가 매끈해진 느낌이다“, “다음 날 아침까지 피부가 촉촉하다”
***2006~2024년, 슈퍼바이탈 크림 판매 수량 기준

*Based on repeat purchase rates in the IOPE brand cream category from 2019~2024
**Customer satisfaction survey results after 4 weeks of use “My skin feels smoother the next morning”,“My skin stays moisturized until the next morning”
***Based on IOPE Super Vital Cream sales from 2006~2024"
iope,instagram,"다음 날 푸석한 피부가 걱정되는 겨울밤
피부에 영양감을 랩핑한 듯,
쫀쫀하게 차오르는 탄력 광채를 선물하세요.

실키하게 늘어나는 탄력 가득한
슈퍼바이탈 크림만의 특수 제형으로
저녁부터 아침까지, 아침부터 저녁까지
하루 종일 유지되는 촉촉하고 매끈한 피부.

완벽한 연말 모임을 위해
슈퍼바이탈 크림이 즉각적인 안티에이징을 선사합니다.

On winter nights when you worry about dull skin the next day,
gift your skin a well nourished, healthy glow.

With its silky, elastic texture, Super Vital Cream keeps skin moisturized and soft all day, from morning to night.

When you want your skin to look its best for year-end gatherings,
Super Vital Cream delivers instant anti-aging care."
iope,instagram,"실내와 실외 온도차가 큰 겨울철
피부에 항산화력 99.9%* 오일 보호막을 코팅하세요.

✔️항산화력 99.9%*로
노화 인자 발생을 방지하는 항산화 오일
✔️세노뮨™으로 노화 인자를
정확히 타겟팅** 하는 항노화 세럼

단 1회 사용으로도 느껴지는
항산화 & 항노화 듀얼 시너지 안티에이징 파워

겨울일수록 더 선명해지는 피부 노화,
슈퍼바이탈 오일 블렌딩 세럼으로 안티에이징 시작하세요.

As the cold winds get stronger,
your skin needs powerful anti-aging care.

✔️Antioxidant oil with 99.9%* antioxidant power
✔️Anti-aging serum that precisely targets** aging factors with Senomune™

A dual synergy of antioxidant & anti-aging care you can feel from the very first use

Experience a noticeable difference this winter with Super Vital Oil Blending Serum.

#아이오페 #슈퍼바이탈오일블렌딩세럼 #더블시너지안티에이징

*2제에 함유된 토코트리엔올 콤플렉스의 활성산소 케어 실험 결과
**세노뮨™ In-Vitro 실험 결과

*Based on antioxidant care testing with the Tocotrienol Complex in the second formulation
**Based on Senomune™ In-Vitro testing"
iope,instagram,"얼굴 피부보다 얇아 노화의 징후가 쉽게 드러나는 목 피부
넥 & 데콜테 피부만을 위한 차별화된 슈퍼바이탈로
탄력과 주름을 정교하게 케어하세요.

목주름부터 넥라인 피부 탄력까지
안티에이징 효과를 즉각적으로 앞당기다.

NEW 슈퍼바이탈 넥 앤 데콜테 크림

지금 아모레몰에서 가장 먼저 만나보세요.

Neck skin is thinner than facial skin and shows signs of aging more quickly
Address elasticity and wrinkles with a Super Vital formula made specifically for the neck & décolleté.

From deep set lines to loss of firmness, experience faster anti-aging effects.

NEW Super Vital Neck & Décolleté Cream"
iope,instagram,"목 피부는 얼굴보다 얇아
건조와 주름이 빠르게 나타납니다.
특히 요즘 같은 겨울철에는 그 변화가 더욱 선명해지죠.

그동안 일반 크림으로 케어해왔다면,
넥 전용 케어가 필요한 시점입니다.

목 주름부터 넥 피부 탄력까지
아이오페 슈퍼바이탈이 제안하는
넥 & 데콜테 안티에이징의 새로운 기준

내일 공개됩니다.

The skin on your neck is thinner than your face, making it more prone to dryness and wrinkles, especially in winter.

If you’ve been relying on regular creams,
it’s time to use one designed for your neck.

From smoothing neck wrinkles to boosting elasticity, IOPE Super Vital sets a new standard in neck and décolleté anti-aging.

Launching tomorrow."
iope,youtube,"""속부터 광이 차오르면서 딱 탄력 있게 잡아줘서 너무 만족스러워!""
엄정화가 PICK한 즉각 효과 크림
아이오페 6세대 슈퍼바이탈 크림

3개월 만에 두 통 비운 그녀의 찐템!
""바르자마자 피부가 엄청 쫀득해져!
정말 제대로 만난 찐템이야""

엄정화가 추천하는 슈퍼바이탈 크림을
11/24(월) 오전 10시 30분, 네이버 블랙딜 라이브에서 연중 최대 혜택으로 만나보세요.
💛라이브 혜택 확인하기 : https://m.site.naver.com/1VnGf
💛슈퍼바이탈 구매하기 :  https://m.site.naver.com/1U7LN 

*세노뮨™ In-Vitro 실험 결과
**사용 직후 인체적용시험 결과 / [시험기간] 2024.04.15~2024.05.14 / [시험대상] 성인 여성 33명 / [시험기관] (주)글로벌의학연구센터"
iope,youtube,"🏆이유 있는 재구매율 1위*
🏆누적 판매수량 약 350만 개*

노화 인자를 정확하게 타겟팅**하는 최초***의 세노뮨™
즉각적인**** 안티에이징 효과를 경험하세요.

아이오페 6세대 슈퍼바이탈

✨지금, 네이버 공식 스토어에서 특별 혜택으로 만나보세요!
💛 슈퍼바이탈 크림 구매하기: https://bit.ly/4nK7EN1
 
#아이오페 #IOPE #아이오페슈퍼바이탈 #슈퍼바이탈 #슈퍼바이탈6세대 #세노뮨 #즉각효과크림 #연예인동안크림 #안티에이징 #안티에이징크림추천 #속건조 #속보습 #노화인자케어 #저속노화 #고보습크림 #슈퍼바이탈크림 #탄력크림 #영양크림 #영양크림추천 #슈퍼바이탈에멀젼 #슈퍼바이탈소프너 #슈퍼바이탈오일블렌딩세럼 #슈퍼바이탈아이크림 #슈퍼바이탈쿠션 #슈퍼바이탈2종

*2019년~2024년, 아이오페 브랜드 크림 카테고리재구매율 기준 / 2026년~2024년, 슈퍼바이탈 크림 판매 수량 기준
**세노뮨™ in-Vitro 시험 결과 
***AP 최초 
****사용 직후 인체적용시험 결과 / [시험기간] 2024.04.15~2024.05.14 / [시험대상] 성인 여성 33명 / [시험기관] (주)글로벌의학연구센터"
iope,youtube,"장까지 살아서 가야 효과를 내는 유산균처럼,
레티놀도 피부 속까지 무사히
도달할 수 있다면 얼마나 좋을까?

한국, 미국, 캐나다 3개국 약사 정재훈이 전하는
‘레티놀, 피부 속부터 효과 보는 법’
영상을 통해 확인하세요.

※ 본 게시물은 전문가의 안티에이징 성분 정보 공유 차원으로, 제품 광고와는 무관합니다.​

#IOPE #아이오페 #클리니컬그레이드아이오페*
#탄력볼륨 #콜라겐부스터효과

*인체적용시험을 했음을 의미"
iope,youtube,"레티놀 유효성분을 스피큘 내부에 직접 담아
피부 깊숙이* 전달하는 기술, 보신 적 있으신가요?

아이오페는 레티놀 효과의 핵심이 '피부 도달'인 만큼
완전히 새로운 이 기술을 최초**로 구현해냈습니다.

아이오페 레티놀 레티젝션™ 세럼은
300만 개의 레티놀 스피큘이
피부 겉이 아닌 심층*부터
레티놀이 침투하여 손실 없이 전달하는 구조입니다.

콜라겐 특수관리 이상의 탄력 효과,
아이오페의 레티놀 도달 기술력이
궁금하다면 영상을 시청하세요.

#iope #아이오페 #클리니컬그레이드아이오페*
#탄력볼륨 #콜라겐부스터효과

*인체적용시험을 했음을 의미"
iope,youtube,"콜라겐 부스터와 마찬가지로
레티놀 또한 강력한 콜라겐 생성 성분입니다.

레티놀의 효과를 제대로 경험하려면
콜라겐 부스터가 진피까지 직행하듯

레티놀도 성분 손실을 최소화하고 진피층까지
정확히 도달시키는 '전달 기술'이 필수입니다.

신세계안피부과의원 안지수 대표원장이 이야기하는
레티놀 효과를 극대화하는 전달 기술의 중요성을
더 알아보려면 영상 풀버전을 확인하세요.

※ 본 게시물은 전문가의 안티에이징 성분 정보 공유 차원으로, 제품 광고와는 무관합니다.​

#IOPE #아이오페 #클리니컬그레이드아이오페*
#탄력볼륨 #콜라겐부스터효과

*인체적용시험을 했음을 의미"
iope,youtube,"NEW 아이오페 XMD 스템3 클리니컬 리커버리 세럼

스킨부스팅 특수관리와 1:1 비교 인체적용시험을 통해
그 효능을 입증한
XMD스템3 클리니컬 리커버리 세럼

✔ 인체적용시험 결과:
총 11개 평가 항목 중 9개 ‘동급’, 2개 ‘우위’ 효능*
✔ 수분 볼륨부터 모공 슈링킹**까지 확인된, 개선 효과

아이오페가 선보이는 새로운 차원의 피부 개선 솔루션.
'특수관리급 물광플럼핑 세럼'으로 집에서도 눈에 보이는 피부 변화를 경험하세요.

⬇️ XMD 스템3 자세히 보기
👉 http://bit.ly/4l2zSlz

#IOPE #XMD스템3
#XMD스템3 #스템3 #XMD스템3세럼
#클리니컬그레이드아이오페  ***

#아이오페 #아이오페XMD #아이오페XMD스템3
#물광플럼핑 #물광스킨부스팅 #스킨부스팅관리비교#홈케어추천템 #물광피부루틴
#PDRN세럼 #히알루론산 #물광세럼

*인체적용시험결과, 4주 사용, 시험기간: 24.09.04~10.04, 시험대상: 여성33명, 시험기관: 글로벌의학연구센터
**일시적 모공 수축 효과를 의미함
*** 인체 적용 시험을 했음을 의미"
iope,youtube,"아이오페는 레티놀 특유의 자극 요소는 제거하고
효과는 극대화하기 위해
레티놀을 다각도로 연구하고 있습니다.

일반적인 레티놀 평균 추적 관찰 기간이
6개월 수준인 데에 반해,
아이오페는 무려 4년간 아이오페 레티놀을
실제 사용하게 하고 추적하는 실험 연구를 진행하였습니다.

레티놀 단일 성분 연구 사례 중 최초이자 최장의 연구였습니다.*

30여 년간의 연구의 결정체로 탄생된 제품인
아이오페 레티놀 슈퍼 바운스 세럼으로
속부터 탄탄한 초밀도 피부를 완성하세요.

⬇️ 처방레티놀** 레티놀 슈퍼 바운스 세럼 만나보기 
https://url.kr/rhxyy4

#IOPE #아이오페 #클리니컬그레이드아이오페**
#아이오페레티놀 #처방레티놀 #레티놀RX

*아이오페 레티놀 기준
**인체 적용 시험을 했음을 의미"
iope,youtube,"""다음날 느껴지는 피부가 달라요""

동안 대표 배우 김성령이 자신있게 추천하는 안티에이징 솔루션, 
피부 속 노화 인자를 타겟팅*해서 즉각적인** 안티에이징 효과를 선사하는 
아이오페 슈퍼바이탈 크림을 지금 바로 만나보세요.

✅슈퍼바이탈 크림 구매하기
https://brand.naver.com/iope/products...

#아이오페 #아이오페슈퍼바이탈 #슈퍼바이탈 #노화인자케어 #슈퍼바이탈6세대 #세노뮨 #즉각효과크림 #연예인동안크림 #김성령동안크림 #노화전문크림#안티에이징 #토탈안티에이징케어 #안티에이징크림 #저속노화 #노화방지 #속건조크림#슈퍼바이탈크림 #아이오페크림 #주름개선크림 #탄력크림 #영양크림 #영양크림추천

세노뮨™ In-Vitro 실험 결과
**사용 직후 인체적용시험 결과 
[시험기간] 2024.04.15~2024.05.14 
[시험대상] 성인 여성 33명 
[시험기관] (주)글로벌의학연구센터"
iope,youtube,"정확하게 노화를 타겟팅하는 최초*의 세노뮨™으로
안티에이징 효과를 앞당기다

18년 동안 안티에이징의 패러다임을 바꿔온
No.1** 안티에이징 슈퍼바이탈 6세대 진화

단 한 번 사용으로 모공 탄력, 잡티, 투명도, 잔주름 등
10대 노화 지표 가 개선되는 즉각적인 안티에이징 효과***를
지금 바로 경험해보세요.

✔슈퍼바이탈 크림 구매하기: https://bit.ly/3RXOl4Y

#아이오페 #슈퍼바이탈6세대 #노화인자케어
#즉각효과크림 #안티에이징 #피부관리 #탄력크림 #크림추천

*AP최초
**'06~'24년 아이오페 브랜드 크림 카테고리 매출 기준
***사용 직후 인체적용시험 결과 [시험기간] 2024.04.15~2024.05.14 [시험대상] 성인 여성 33명 [시험기관] (주) 글로벌의학연구센터"
iope,youtube,"※ 본 영상은 노화 관리와 관련한 IOPE의 연구와 자문의의 전문 지식 공유 목적이며, 상품 광고와 무관합니다.

한국 스킨케어의 개척자로서 28년간 고효능 기술 헤리티지를 진화시켜 온
No.1* 안티에이징 전문 브랜드, 아이오페.

아이오페는 안티에이징 전문가들이 모인 IOPE L.A.B. 을 통해
건강한 피부 뿐 아니라, 삶의 전 영역에서 심도 있는 안티에이징 연구를 이어오고 있습니다."
